2026-07-19 20:28:02 [INFO] app.fetcher.playwright_fetcher: 开始抓取 25800310 的视频
2026-07-19 20:28:39 [INFO] app.fetcher.playwright_fetcher: 开始抓取 474417988 的视频
2026-07-19 20:28:56 [INFO] app.fetcher.playwright_fetcher: 抓取第 1 页的数据
2026-07-19 20:29:00 [INFO] app.fetcher.playwright_fetcher: 开始抓取 223305228 的视频
2026-07-19 20:30:06 [INFO] app.fetcher.playwright_fetcher: 开始抓取 178753244 的视频
2026-07-19 20:30:49 [INFO] app.fetcher.playwright_fetcher: 抓取第 1 页的数据
2026-07-19 20:30:54 [INFO] app.fetcher.playwright_fetcher: 开始抓取 29235818 的视频
2026-07-19 20:32:03 [INFO] app.fetcher.playwright_fetcher: 开始抓取 29071700 的视频
2026-07-19 20:56:31 [INFO] app.fetcher.playwright_fetcher: 开始抓取 25800310 的视频
2026-07-19 20:57:34 [INFO] app.fetcher.playwright_fetcher: 开始抓取 474417988 的视频
2026-07-19 20:58:44 [INFO] app.fetcher.playwright_fetcher: 开始抓取 223305228 的视频
2026-07-19 20:59:38 [INFO] app.fetcher.playwright_fetcher: 抓取第 1 页的数据
2026-07-19 20:59:41 [INFO] app.fetcher.playwright_fetcher: 抓取第 2 页的数据
2026-07-19 20:59:44 [INFO] app.fetcher.playwright_fetcher: 抓取第 3 页的数据
2026-07-19 20:59:48 [INFO] app.fetcher.playwright_fetcher: 抓取第 4 页的数据
2026-07-19 20:59:52 [INFO] app.fetcher.playwright_fetcher: 抓取第 5 页的数据
2026-07-19 20:59:56 [INFO] app.fetcher.playwright_fetcher: 开始抓取 178753244 的视频
2026-07-19 21:00:37 [INFO] app.fetcher.playwright_fetcher: 抓取第 1 页的数据
2026-07-19 21:00:41 [INFO] app.fetcher.playwright_fetcher: 抓取第 2 页的数据
2026-07-19 21:00:46 [INFO] app.fetcher.playwright_fetcher: 抓取第 3 页的数据
2026-07-19 21:00:49 [INFO] app.fetcher.playwright_fetcher: 抓取第 4 页的数据
2026-07-19 21:00:53 [INFO] app.fetcher.playwright_fetcher: 抓取第 5 页的数据
2026-07-19 21:00:56 [INFO] app.fetcher.playwright_fetcher: 抓取第 6 页的数据
2026-07-19 21:00:59 [INFO] app.fetcher.playwright_fetcher: 抓取第 7 页的数据
2026-07-19 21:01:02 [INFO] app.fetcher.playwright_fetcher: 抓取第 8 页的数据
2026-07-19 21:01:07 [INFO] app.fetcher.playwright_fetcher: 抓取第 9 页的数据
2026-07-19 21:01:09 [INFO] app.fetcher.playwright_fetcher: 抓取第 10 页的数据
2026-07-19 21:01:13 [INFO] app.fetcher.playwright_fetcher: 开始抓取 29235818 的视频
2026-07-19 21:01:16 [INFO] app.fetcher.playwright_fetcher: 抓取第 1 页的数据
2026-07-19 21:01:18 [INFO] app.fetcher.playwright_fetcher: 抓取第 2 页的数据
2026-07-19 21:01:22 [INFO] app.fetcher.playwright_fetcher: 开始抓取 29071700 的视频
2026-07-19 21:01:39 [INFO] app.fetcher.playwright_fetcher: 抓取第 1 页的数据
2026-07-19 21:01:43 [INFO] app.fetcher.playwright_fetcher: 抓取第 2 页的数据
2026-07-19 21:01:46 [INFO] app.fetcher.playwright_fetcher: 抓取第 3 页的数据
2026-07-19 21:01:50 [INFO] app.fetcher.playwright_fetcher: 抓取第 4 页的数据
2026-07-19 21:01:53 [INFO] app.fetcher.playwright_fetcher: 抓取第 5 页的数据
2026-07-19 21:01:56 [INFO] app.fetcher.playwright_fetcher: 抓取第 6 页的数据
2026-07-19 21:02:00 [INFO] app.fetcher.playwright_fetcher: 抓取第 7 页的数据
2026-07-19 21:02:04 [INFO] app.fetcher.playwright_fetcher: 抓取第 8 页的数据
2026-07-19 21:02:08 [INFO] app.fetcher.playwright_fetcher: 抓取第 9 页的数据
2026-07-19 21:27:46 [INFO] app.fetcher.playwright_fetcher: 开始抓取 25800310 的视频
2026-07-19 21:29:02 [INFO] app.fetcher.playwright_fetcher: 开始抓取 474417988 的视频
2026-07-19 21:29:17 [INFO] app.fetcher.playwright_fetcher: 抓取第 1 页的数据
2026-07-19 21:29:21 [INFO] app.fetcher.playwright_fetcher: 抓取第 2 页的数据
2026-07-19 21:29:24 [INFO] app.fetcher.playwright_fetcher: 抓取第 3 页的数据
2026-07-19 21:29:28 [INFO] app.fetcher.playwright_fetcher: 抓取第 4 页的数据
2026-07-19 21:29:32 [INFO] app.fetcher.playwright_fetcher: 抓取第 5 页的数据
2026-07-19 21:29:35 [INFO] app.fetcher.playwright_fetcher: 抓取第 6 页的数据
2026-07-19 21:29:39 [INFO] app.fetcher.playwright_fetcher: 抓取第 7 页的数据
2026-07-19 21:29:44 [INFO] app.fetcher.playwright_fetcher: 抓取第 8 页的数据
2026-07-19 21:29:48 [INFO] app.fetcher.playwright_fetcher: 抓取第 9 页的数据
2026-07-19 21:29:52 [INFO] app.fetcher.playwright_fetcher: 抓取第 10 页的数据
2026-07-19 21:29:55 [INFO] app.fetcher.playwright_fetcher: 抓取第 11 页的数据
2026-07-19 21:29:55 [ERROR] app.scheduler: 定时全量同步失败
Traceback (most recent call last):
  File "D:\chen\bilibili-tag-group\app\scheduler.py", line 21, in run_sync_loop
    db.commit()
    ~~~~~~~~~^^
  File "D:\chen\bilibili-tag-group\.venv\Lib\site-packages\sqlalchemy\orm\session.py", line 2035, in commit
    trans.commit(_to_root=True)
    ~~~~~~~~~~~~^^^^^^^^^^^^^^^
  File "<string>", line 2, in commit
  File "D:\chen\bilibili-tag-group\.venv\Lib\site-packages\sqlalchemy\orm\state_changes.py", line 101, in _go
    self._raise_for_prerequisite_state(fn.__name__, current_state)
    ~~~~~~~~~~~~~~~~~~~~~~~~~~~~~~~~~~^^^^^^^^^^^^^^^^^^^^^^^^^^^^
  File "D:\chen\bilibili-tag-group\.venv\Lib\site-packages\sqlalchemy\orm\session.py", line 975, in _raise_for_prerequisite_state
    raise sa_exc.PendingRollbackError(
    ...<6 lines>...
    )
sqlalchemy.exc.PendingRollbackError: This Session's transaction has been rolled back due to a previous exception during flush. To begin a new transaction with this Session, first issue Session.rollback(). Original exception was: (sqlite3.IntegrityError) NOT NULL constraint failed: videos.published_at
[SQL: INSERT INTO videos (bvid, creator_id, title, video_url, published_at, duration_seconds, cover_url) VALUES (?, ?, ?, ?, ?, ?, ?)]
[parameters: ('BV1byKn6sEMG', 2, '我的法宝都是规则系-第三百五十七集：梦湖城！化梦血蛟！', 'https://www.bilibili.com/video/BV1byKn6sEMG', None, 341, 'https://i0.hdslb.com/bfs/archive/2e07cf2a34eccafab83f11fb0954aebbc25e2547.jpg@672w_378h_1c.webp')]
(Background on this error at: https://sqlalche.me/e/20/gkpj) (Background on this error at: https://sqlalche.me/e/20/7s2a)
2026-07-19 22:29:58 [INFO] app.fetcher.playwright_fetcher: 开始抓取 25800310 的视频
2026-07-19 22:31:07 [INFO] app.fetcher.playwright_fetcher: 开始抓取 474417988 的视频
2026-07-19 22:32:13 [INFO] app.fetcher.playwright_fetcher: 开始抓取 223305228 的视频
2026-07-19 22:33:22 [INFO] app.fetcher.playwright_fetcher: 开始抓取 178753244 的视频
2026-07-19 22:34:32 [INFO] app.fetcher.playwright_fetcher: 开始抓取 29235818 的视频
2026-07-19 22:35:40 [INFO] app.fetcher.playwright_fetcher: 开始抓取 29071700 的视频
2026-07-19 23:36:49 [INFO] app.fetcher.playwright_fetcher: 开始抓取 25800310 的视频
2026-07-19 23:37:38 [INFO] app.fetcher.playwright_fetcher: 开始抓取 474417988 的视频
2026-07-19 23:38:46 [INFO] app.fetcher.playwright_fetcher: 开始抓取 223305228 的视频
2026-07-19 23:38:48 [INFO] app.fetcher.playwright_fetcher: 抓取第 1 页的数据
2026-07-19 23:38:52 [INFO] app.fetcher.playwright_fetcher: 抓取第 2 页的数据
2026-07-19 23:38:56 [INFO] app.fetcher.playwright_fetcher: 抓取第 3 页的数据
2026-07-19 23:38:59 [INFO] app.fetcher.playwright_fetcher: 抓取第 4 页的数据
2026-07-19 23:39:03 [INFO] app.fetcher.playwright_fetcher: 抓取第 5 页的数据
2026-07-19 23:39:03 [ERROR] app.scheduler: 定时全量同步失败
Traceback (most recent call last):
  File "D:\chen\bilibili-tag-group\app\scheduler.py", line 21, in run_sync_loop
    db.commit()
    ~~~~~~~~~^^
  File "D:\chen\bilibili-tag-group\.venv\Lib\site-packages\sqlalchemy\orm\session.py", line 2035, in commit
    trans.commit(_to_root=True)
    ~~~~~~~~~~~~^^^^^^^^^^^^^^^
  File "<string>", line 2, in commit
  File "D:\chen\bilibili-tag-group\.venv\Lib\site-packages\sqlalchemy\orm\state_changes.py", line 101, in _go
    self._raise_for_prerequisite_state(fn.__name__, current_state)
    ~~~~~~~~~~~~~~~~~~~~~~~~~~~~~~~~~~^^^^^^^^^^^^^^^^^^^^^^^^^^^^
  File "D:\chen\bilibili-tag-group\.venv\Lib\site-packages\sqlalchemy\orm\session.py", line 975, in _raise_for_prerequisite_state
    raise sa_exc.PendingRollbackError(
    ...<6 lines>...
    )
sqlalchemy.exc.PendingRollbackError: This Session's transaction has been rolled back due to a previous exception during flush. To begin a new transaction with this Session, first issue Session.rollback(). Original exception was: (sqlite3.IntegrityError) UNIQUE constraint failed: videos.bvid
[SQL: INSERT INTO videos (bvid, creator_id, title, video_url, published_at, duration_seconds, cover_url) VALUES (?, ?, ?, ?, ?, ?, ?)]
[parameters: ('BV1RnKN6REsc', 3, '第23集 之前没有，现在有了', 'https://www.bilibili.com/video/BV1RnKN6REsc', '2026-07-18 00:00:00.000000', 202, 'https://i0.hdslb.com/bfs/archive/ff0e0caf5e9349faf714d4b46200279e8212ff71.jpg@672w_378h_1c.webp')]
(Background on this error at: https://sqlalche.me/e/20/gkpj) (Background on this error at: https://sqlalche.me/e/20/7s2a)
2026-07-20 00:39:06 [INFO] app.fetcher.playwright_fetcher: 开始抓取 25800310 的视频
2026-07-20 00:40:15 [INFO] app.fetcher.playwright_fetcher: 开始抓取 474417988 的视频
2026-07-20 00:40:32 [INFO] app.fetcher.playwright_fetcher: 抓取第 1 页的数据
2026-07-20 00:40:35 [INFO] app.fetcher.playwright_fetcher: 抓取第 2 页的数据
2026-07-20 00:40:39 [INFO] app.fetcher.playwright_fetcher: 抓取第 3 页的数据
2026-07-20 00:40:42 [INFO] app.fetcher.playwright_fetcher: 抓取第 4 页的数据
2026-07-20 00:40:46 [INFO] app.fetcher.playwright_fetcher: 抓取第 5 页的数据
2026-07-20 00:40:50 [INFO] app.fetcher.playwright_fetcher: 抓取第 6 页的数据
2026-07-20 00:40:53 [INFO] app.fetcher.playwright_fetcher: 抓取第 7 页的数据
2026-07-20 00:40:57 [INFO] app.fetcher.playwright_fetcher: 抓取第 8 页的数据
2026-07-20 00:41:00 [INFO] app.fetcher.playwright_fetcher: 抓取第 9 页的数据
2026-07-20 00:41:05 [INFO] app.fetcher.playwright_fetcher: 抓取第 10 页的数据
2026-07-20 00:41:08 [INFO] app.fetcher.playwright_fetcher: 抓取第 11 页的数据
2026-07-20 00:41:09 [ERROR] app.scheduler: 定时全量同步失败
Traceback (most recent call last):
  File "D:\chen\bilibili-tag-group\app\scheduler.py", line 21, in run_sync_loop
    db.commit()
    ~~~~~~~~~^^
  File "D:\chen\bilibili-tag-group\.venv\Lib\site-packages\sqlalchemy\orm\session.py", line 2035, in commit
    trans.commit(_to_root=True)
    ~~~~~~~~~~~~^^^^^^^^^^^^^^^
  File "<string>", line 2, in commit
  File "D:\chen\bilibili-tag-group\.venv\Lib\site-packages\sqlalchemy\orm\state_changes.py", line 101, in _go
    self._raise_for_prerequisite_state(fn.__name__, current_state)
    ~~~~~~~~~~~~~~~~~~~~~~~~~~~~~~~~~~^^^^^^^^^^^^^^^^^^^^^^^^^^^^
  File "D:\chen\bilibili-tag-group\.venv\Lib\site-packages\sqlalchemy\orm\session.py", line 975, in _raise_for_prerequisite_state
    raise sa_exc.PendingRollbackError(
    ...<6 lines>...
    )
sqlalchemy.exc.PendingRollbackError: This Session's transaction has been rolled back due to a previous exception during flush. To begin a new transaction with this Session, first issue Session.rollback(). Original exception was: (sqlite3.IntegrityError) UNIQUE constraint failed: videos.bvid
[SQL: INSERT INTO videos (bvid, creator_id, title, video_url, published_at, duration_seconds, cover_url) VALUES (?, ?, ?, ?, ?, ?, ?)]
[parameters: ('BV1ju4y1e7Bq', 2, '第三十三集:小丘村邪祟！', 'https://www.bilibili.com/video/BV1ju4y1e7Bq', '2023-08-24 00:00:00.000000', 203, 'https://i1.hdslb.com/bfs/archive/699b54af78c2178777f3c339c4f5563d9b861f7c.jpg@672w_378h_1c.webp')]
(Background on this error at: https://sqlalche.me/e/20/gkpj) (Background on this error at: https://sqlalche.me/e/20/7s2a)
2026-07-20 01:41:11 [INFO] app.fetcher.playwright_fetcher: 开始抓取 25800310 的视频
2026-07-20 01:42:21 [INFO] app.fetcher.playwright_fetcher: 开始抓取 474417988 的视频
2026-07-20 01:42:24 [INFO] app.fetcher.playwright_fetcher: 抓取第 1 页的数据
2026-07-20 01:42:27 [INFO] app.fetcher.playwright_fetcher: 抓取第 2 页的数据
2026-07-20 01:42:31 [INFO] app.fetcher.playwright_fetcher: 抓取第 3 页的数据
2026-07-20 01:42:35 [INFO] app.fetcher.playwright_fetcher: 抓取第 4 页的数据
2026-07-20 01:42:38 [INFO] app.fetcher.playwright_fetcher: 抓取第 5 页的数据
2026-07-20 01:42:41 [INFO] app.fetcher.playwright_fetcher: 抓取第 6 页的数据
2026-07-20 01:42:45 [INFO] app.fetcher.playwright_fetcher: 抓取第 7 页的数据
2026-07-20 01:42:49 [INFO] app.fetcher.playwright_fetcher: 抓取第 8 页的数据
2026-07-20 01:42:53 [INFO] app.fetcher.playwright_fetcher: 抓取第 9 页的数据
2026-07-20 01:42:56 [INFO] app.fetcher.playwright_fetcher: 抓取第 10 页的数据
2026-07-20 01:43:00 [INFO] app.fetcher.playwright_fetcher: 抓取第 11 页的数据
2026-07-20 01:43:00 [ERROR] app.scheduler: 定时全量同步失败
Traceback (most recent call last):
  File "D:\chen\bilibili-tag-group\app\scheduler.py", line 21, in run_sync_loop
    db.commit()
    ~~~~~~~~~^^
  File "D:\chen\bilibili-tag-group\.venv\Lib\site-packages\sqlalchemy\orm\session.py", line 2035, in commit
    trans.commit(_to_root=True)
    ~~~~~~~~~~~~^^^^^^^^^^^^^^^
  File "<string>", line 2, in commit
  File "D:\chen\bilibili-tag-group\.venv\Lib\site-packages\sqlalchemy\orm\state_changes.py", line 101, in _go
    self._raise_for_prerequisite_state(fn.__name__, current_state)
    ~~~~~~~~~~~~~~~~~~~~~~~~~~~~~~~~~~^^^^^^^^^^^^^^^^^^^^^^^^^^^^
  File "D:\chen\bilibili-tag-group\.venv\Lib\site-packages\sqlalchemy\orm\session.py", line 975, in _raise_for_prerequisite_state
    raise sa_exc.PendingRollbackError(
    ...<6 lines>...
    )
sqlalchemy.exc.PendingRollbackError: This Session's transaction has been rolled back due to a previous exception during flush. To begin a new transaction with this Session, first issue Session.rollback(). Original exception was: (sqlite3.IntegrityError) UNIQUE constraint failed: videos.bvid
[SQL: INSERT INTO videos (bvid, creator_id, title, video_url, published_at, duration_seconds, cover_url) VALUES (?, ?, ?, ?, ?, ?, ?)]
[parameters: ('BV1byKn6sEMG', 2, '我的法宝都是规则系-第三百五十七集：梦湖城！化梦血蛟！', 'https://www.bilibili.com/video/BV1byKn6sEMG', '2026-07-18 00:00:00.000000', 341, 'https://i1.hdslb.com/bfs/archive/2e07cf2a34eccafab83f11fb0954aebbc25e2547.jpg@672w_378h_1c.webp')]
(Background on this error at: https://sqlalche.me/e/20/gkpj) (Background on this error at: https://sqlalche.me/e/20/7s2a)
2026-07-20 02:43:03 [INFO] app.fetcher.playwright_fetcher: 开始抓取 25800310 的视频
2026-07-20 02:44:11 [INFO] app.fetcher.playwright_fetcher: 开始抓取 474417988 的视频
2026-07-20 02:45:19 [INFO] app.fetcher.playwright_fetcher: 开始抓取 223305228 的视频
2026-07-20 02:46:28 [INFO] app.fetcher.playwright_fetcher: 开始抓取 178753244 的视频
2026-07-20 02:47:38 [INFO] app.fetcher.playwright_fetcher: 开始抓取 29235818 的视频
2026-07-20 02:48:07 [INFO] app.fetcher.playwright_fetcher: 抓取第 1 页的数据
2026-07-20 02:48:11 [INFO] app.fetcher.playwright_fetcher: 抓取第 2 页的数据
2026-07-20 02:48:11 [ERROR] app.scheduler: 定时全量同步失败
Traceback (most recent call last):
  File "D:\chen\bilibili-tag-group\app\scheduler.py", line 21, in run_sync_loop
    db.commit()
    ~~~~~~~~~^^
  File "D:\chen\bilibili-tag-group\.venv\Lib\site-packages\sqlalchemy\orm\session.py", line 2035, in commit
    trans.commit(_to_root=True)
    ~~~~~~~~~~~~^^^^^^^^^^^^^^^
  File "<string>", line 2, in commit
  File "D:\chen\bilibili-tag-group\.venv\Lib\site-packages\sqlalchemy\orm\state_changes.py", line 101, in _go
    self._raise_for_prerequisite_state(fn.__name__, current_state)
    ~~~~~~~~~~~~~~~~~~~~~~~~~~~~~~~~~~^^^^^^^^^^^^^^^^^^^^^^^^^^^^
  File "D:\chen\bilibili-tag-group\.venv\Lib\site-packages\sqlalchemy\orm\session.py", line 975, in _raise_for_prerequisite_state
    raise sa_exc.PendingRollbackError(
    ...<6 lines>...
    )
sqlalchemy.exc.PendingRollbackError: This Session's transaction has been rolled back due to a previous exception during flush. To begin a new transaction with this Session, first issue Session.rollback(). Original exception was: (sqlite3.IntegrityError) UNIQUE constraint failed: videos.bvid
[SQL: INSERT INTO videos (bvid, creator_id, title, video_url, published_at, duration_seconds, cover_url) VALUES (?, ?, ?, ?, ?, ?, ?)]
[parameters: ('BV1Z6KJ6MEZW', 5, '绝望九州双江亦', 'https://www.bilibili.com/video/BV1Z6KJ6MEZW', '2026-07-17 00:00:00.000000', 251, 'https://i0.hdslb.com/bfs/archive/66fb05435bdd49665d160cfc0908ad724c2aa360.jpg@672w_378h_1c.webp')]
(Background on this error at: https://sqlalche.me/e/20/gkpj) (Background on this error at: https://sqlalche.me/e/20/7s2a)
2026-07-20 23:08:09 [INFO] app.fetcher.playwright_fetcher: 开始抓取 1024129080 的视频
2026-07-20 23:09:24 [INFO] root: {'name': '烧毁一切就是美', 'avatar_url': 'https://i1.hdslb.com/bfs/face/357c617307c5e04e065618aa2839f103a7b3a8f4.jpg@128w_128h_1c_1s.webp', 'video_count': 1614}
2026-07-20 23:09:24 [ERROR] asyncio: Task was destroyed but it is pending!
task: <Task pending name='Task-7' coro=<Connection.run() running at D:\chen\bilibili-tag-group\.venv\Lib\site-packages\playwright\_impl\_connection.py:314> wait_for=<Future pending cb=[Task.task_wakeup()]>>
2026-07-20 23:09:24 [INFO] httpx: HTTP Request: GET http://testserver/health "HTTP/1.1 200 OK"
2026-07-20 23:09:24 [INFO] httpx: HTTP Request: POST http://testserver/api/creators "HTTP/1.1 201 Created"
2026-07-20 23:09:24 [INFO] httpx: HTTP Request: POST http://testserver/api/creators "HTTP/1.1 201 Created"
2026-07-20 23:09:24 [INFO] httpx: HTTP Request: POST http://testserver/api/creators "HTTP/1.1 201 Created"
2026-07-20 23:09:24 [INFO] httpx: HTTP Request: GET http://testserver/api/creators "HTTP/1.1 200 OK"
2026-07-20 23:09:24 [INFO] httpx: HTTP Request: GET http://testserver/api/creators "HTTP/1.1 200 OK"
2026-07-20 23:09:24 [INFO] httpx: HTTP Request: PATCH http://testserver/api/creators/1 "HTTP/1.1 200 OK"
2026-07-20 23:09:24 [INFO] httpx: HTTP Request: PATCH http://testserver/api/creators/1 "HTTP/1.1 200 OK"
2026-07-20 23:09:24 [INFO] httpx: HTTP Request: PATCH http://testserver/api/creators/1 "HTTP/1.1 200 OK"
2026-07-20 23:09:24 [INFO] httpx: HTTP Request: PATCH http://testserver/api/creators/99999 "HTTP/1.1 404 Not Found"
2026-07-20 23:09:24 [INFO] httpx: HTTP Request: GET http://testserver/api/tags "HTTP/1.1 200 OK"
2026-07-20 23:09:24 [INFO] httpx: HTTP Request: GET http://testserver/api/tags "HTTP/1.1 200 OK"
2026-07-20 23:09:24 [INFO] httpx: HTTP Request: POST http://testserver/api/tags "HTTP/1.1 201 Created"
2026-07-20 23:09:24 [INFO] httpx: HTTP Request: POST http://testserver/api/tags "HTTP/1.1 201 Created"
2026-07-20 23:09:24 [INFO] httpx: HTTP Request: POST http://testserver/api/tags "HTTP/1.1 422 Unprocessable Entity"
2026-07-20 23:09:24 [INFO] httpx: HTTP Request: GET http://testserver/api/tags/1/videos "HTTP/1.1 200 OK"
2026-07-20 23:09:24 [INFO] httpx: HTTP Request: GET http://testserver/api/tags/1/videos "HTTP/1.1 200 OK"
2026-07-20 23:09:24 [INFO] httpx: HTTP Request: GET http://testserver/api/tags/99999/videos "HTTP/1.1 200 OK"
2026-07-20 23:09:24 [INFO] httpx: HTTP Request: PATCH http://testserver/api/videos/1/status "HTTP/1.1 200 OK"
2026-07-20 23:09:24 [INFO] httpx: HTTP Request: GET http://testserver/api/tags/1/videos "HTTP/1.1 200 OK"
2026-07-20 23:09:24 [INFO] httpx: HTTP Request: PATCH http://testserver/api/videos/1/status "HTTP/1.1 200 OK"
2026-07-20 23:09:24 [INFO] httpx: HTTP Request: PATCH http://testserver/api/videos/1/status "HTTP/1.1 200 OK"
2026-07-20 23:09:24 [INFO] httpx: HTTP Request: PATCH http://testserver/api/videos/1/status "HTTP/1.1 200 OK"
2026-07-20 23:09:24 [INFO] httpx: HTTP Request: PATCH http://testserver/api/videos/1/status "HTTP/1.1 200 OK"
2026-07-20 23:09:24 [INFO] httpx: HTTP Request: PATCH http://testserver/api/videos/99999/status "HTTP/1.1 404 Not Found"
2026-07-20 23:09:24 [INFO] httpx: HTTP Request: GET http://testserver/api/sync/latest "HTTP/1.1 200 OK"
2026-07-20 23:09:24 [INFO] httpx: HTTP Request: GET http://testserver/api/sync/latest "HTTP/1.1 200 OK"
2026-07-20 23:09:24 [INFO] httpx: HTTP Request: POST http://testserver/api/sync/run "HTTP/1.1 200 OK"
2026-07-20 23:09:25 [INFO] httpx: HTTP Request: POST http://testserver/api/sync/run "HTTP/1.1 200 OK"
2026-07-20 23:09:25 [INFO] httpx: HTTP Request: GET http://testserver/api/sync/settings "HTTP/1.1 200 OK"
2026-07-20 23:09:25 [INFO] httpx: HTTP Request: GET http://testserver/api/sync/settings "HTTP/1.1 200 OK"
2026-07-20 23:09:25 [INFO] httpx: HTTP Request: GET http://testserver/api/sync/settings "HTTP/1.1 200 OK"
2026-07-20 23:09:25 [INFO] httpx: HTTP Request: GET http://testserver/api/sync/settings "HTTP/1.1 200 OK"
2026-07-20 23:09:25 [INFO] httpx: HTTP Request: GET http://testserver/api/sync/settings "HTTP/1.1 200 OK"
2026-07-20 23:09:25 [ERROR] asyncio: Task was destroyed but it is pending!
task: <Task pending name='Task-2' coro=<Connection.run() running at D:\chen\bilibili-tag-group\.venv\Lib\site-packages\playwright\_impl\_connection.py:314> wait_for=<Future pending cb=[Task.task_wakeup()]>>
2026-07-21 00:06:10 [INFO] app.fetcher.playwright_fetcher: 开始抓取 1024129080 的视频
2026-07-21 00:06:39 [INFO] app.fetcher.playwright_fetcher: 抓取第 1 页的数据
2026-07-21 00:06:44 [INFO] app.fetcher.playwright_fetcher: 抓取第 2 页的数据
2026-07-21 00:06:48 [INFO] app.fetcher.playwright_fetcher: 抓取第 3 页的数据
2026-07-21 00:06:53 [INFO] app.fetcher.playwright_fetcher: 抓取第 4 页的数据
2026-07-21 00:06:56 [INFO] app.fetcher.playwright_fetcher: 抓取第 5 页的数据
2026-07-21 00:07:01 [INFO] app.fetcher.playwright_fetcher: 抓取第 6 页的数据
2026-07-21 00:07:05 [INFO] app.fetcher.playwright_fetcher: 抓取第 7 页的数据
2026-07-21 00:07:10 [INFO] app.fetcher.playwright_fetcher: 抓取第 8 页的数据
2026-07-21 00:07:15 [INFO] app.fetcher.playwright_fetcher: 抓取第 9 页的数据
2026-07-21 00:07:21 [INFO] app.fetcher.playwright_fetcher: 抓取第 10 页的数据
2026-07-21 00:07:25 [INFO] app.fetcher.playwright_fetcher: 抓取第 11 页的数据
2026-07-21 00:07:29 [INFO] app.fetcher.playwright_fetcher: 抓取第 12 页的数据
2026-07-21 00:07:33 [INFO] app.fetcher.playwright_fetcher: 抓取第 13 页的数据
2026-07-21 00:07:37 [INFO] app.fetcher.playwright_fetcher: 抓取第 14 页的数据
2026-07-21 00:07:41 [INFO] app.fetcher.playwright_fetcher: 抓取第 15 页的数据
2026-07-21 00:07:46 [INFO] app.fetcher.playwright_fetcher: 抓取第 16 页的数据
2026-07-21 00:07:51 [INFO] app.fetcher.playwright_fetcher: 抓取第 17 页的数据
2026-07-21 00:07:55 [INFO] app.fetcher.playwright_fetcher: 抓取第 18 页的数据
2026-07-21 00:07:59 [INFO] app.fetcher.playwright_fetcher: 抓取第 19 页的数据
2026-07-21 00:08:04 [INFO] app.fetcher.playwright_fetcher: 抓取第 20 页的数据
2026-07-21 00:08:09 [INFO] app.fetcher.playwright_fetcher: 抓取第 21 页的数据
2026-07-21 00:08:17 [INFO] app.fetcher.playwright_fetcher: 抓取第 22 页的数据
2026-07-21 00:08:21 [INFO] app.fetcher.playwright_fetcher: 抓取第 23 页的数据
2026-07-21 00:08:26 [INFO] app.fetcher.playwright_fetcher: 抓取第 24 页的数据
2026-07-21 00:08:33 [INFO] app.fetcher.playwright_fetcher: 抓取第 25 页的数据
2026-07-21 00:08:39 [INFO] app.fetcher.playwright_fetcher: 抓取第 26 页的数据
2026-07-21 00:08:45 [INFO] app.fetcher.playwright_fetcher: 抓取第 27 页的数据
2026-07-21 00:08:50 [INFO] app.fetcher.playwright_fetcher: 抓取第 28 页的数据
2026-07-21 00:08:54 [INFO] app.fetcher.playwright_fetcher: 抓取第 29 页的数据
2026-07-21 00:09:00 [INFO] app.fetcher.playwright_fetcher: 抓取第 30 页的数据
2026-07-21 00:09:05 [INFO] app.fetcher.playwright_fetcher: 抓取第 31 页的数据
2026-07-21 00:09:10 [INFO] app.fetcher.playwright_fetcher: 抓取第 32 页的数据
2026-07-21 00:09:14 [INFO] app.fetcher.playwright_fetcher: 抓取第 33 页的数据
2026-07-21 00:09:18 [INFO] app.fetcher.playwright_fetcher: 抓取第 34 页的数据
2026-07-21 00:09:24 [INFO] app.fetcher.playwright_fetcher: 抓取第 35 页的数据
2026-07-21 00:09:29 [INFO] app.fetcher.playwright_fetcher: 抓取第 36 页的数据
2026-07-21 00:09:33 [INFO] app.fetcher.playwright_fetcher: 抓取第 37 页的数据
2026-07-21 00:09:38 [INFO] app.fetcher.playwright_fetcher: 抓取第 38 页的数据
2026-07-21 00:09:44 [INFO] app.fetcher.playwright_fetcher: 抓取第 39 页的数据
2026-07-21 00:09:45 [INFO] root: FetchedVideo(bvid='BV1MDKp6FE4c', title='在日24年食品人：卡乐比薯片包装变黑白，背后的真相！', video_url='https://www.bilibili.com/video/BV1MDKp6FE4c', published_at=datetime.datetime(2026, 7, 20, 0, 0), duration_seconds=301, cover_url='https://i0.hdslb.com/bfs/archive/80d7cc7994700cdbe5e03e9c0cb625b7d61db732.jpg@672w_378h_1c.webp')
2026-07-21 00:09:45 [INFO] root: 1638
2026-07-21 00:09:53 [ERROR] asyncio: Task was destroyed but it is pending!
task: <Task pending name='Task-2' coro=<Connection.run() running at D:\chen\bilibili-tag-group\.venv\Lib\site-packages\playwright\_impl\_connection.py:314> wait_for=<Future pending cb=[Task.task_wakeup()]>>
2026-07-21 00:09:53 [ERROR] asyncio: Task was destroyed but it is pending!
task: <Task pending name='Task-7' coro=<Connection.run() running at D:\chen\bilibili-tag-group\.venv\Lib\site-packages\playwright\_impl\_connection.py:314> wait_for=<Future pending cb=[Task.task_wakeup()]>>
2026-07-21 00:13:07 [INFO] httpx: HTTP Request: GET http://testserver/health "HTTP/1.1 200 OK"
2026-07-21 00:13:07 [INFO] httpx: HTTP Request: POST http://testserver/api/creators "HTTP/1.1 201 Created"
2026-07-21 00:13:07 [INFO] httpx: HTTP Request: POST http://testserver/api/creators "HTTP/1.1 201 Created"
2026-07-21 00:13:08 [INFO] httpx: HTTP Request: GET http://testserver/api/creators "HTTP/1.1 200 OK"
2026-07-21 00:13:08 [INFO] httpx: HTTP Request: PATCH http://testserver/api/creators/99999 "HTTP/1.1 404 Not Found"
2026-07-21 00:13:08 [INFO] httpx: HTTP Request: GET http://testserver/api/tags "HTTP/1.1 200 OK"
2026-07-21 00:13:08 [INFO] httpx: HTTP Request: POST http://testserver/api/tags "HTTP/1.1 201 Created"
2026-07-21 00:13:08 [INFO] httpx: HTTP Request: POST http://testserver/api/tags "HTTP/1.1 201 Created"
2026-07-21 00:13:08 [INFO] httpx: HTTP Request: POST http://testserver/api/tags "HTTP/1.1 422 Unprocessable Entity"
2026-07-21 00:13:08 [INFO] httpx: HTTP Request: GET http://testserver/api/tags/99999/videos "HTTP/1.1 200 OK"
2026-07-21 00:13:09 [INFO] httpx: HTTP Request: PATCH http://testserver/api/videos/99999/status "HTTP/1.1 404 Not Found"
2026-07-21 00:13:09 [INFO] httpx: HTTP Request: GET http://testserver/api/sync/latest "HTTP/1.1 200 OK"
2026-07-21 00:13:09 [ERROR] app.main: 未捕获的异常: POST /api/sync/run
Traceback (most recent call last):
  File "D:\chen\bilibili-tag-group\.venv\Lib\site-packages\starlette\middleware\errors.py", line 164, in __call__
    await self.app(scope, receive, _send)
  File "D:\chen\bilibili-tag-group\.venv\Lib\site-packages\starlette\middleware\exceptions.py", line 63, in __call__
    await wrap_app_handling_exceptions(self.app, conn)(scope, receive, send)
  File "D:\chen\bilibili-tag-group\.venv\Lib\site-packages\starlette\_exception_handler.py", line 53, in wrapped_app
    raise exc
  File "D:\chen\bilibili-tag-group\.venv\Lib\site-packages\starlette\_exception_handler.py", line 42, in wrapped_app
    await app(scope, receive, sender)
  File "D:\chen\bilibili-tag-group\.venv\Lib\site-packages\fastapi\middleware\asyncexitstack.py", line 18, in __call__
    await self.app(scope, receive, send)
  File "D:\chen\bilibili-tag-group\.venv\Lib\site-packages\starlette\routing.py", line 660, in __call__
    await self.middleware_stack(scope, receive, send)
  File "D:\chen\bilibili-tag-group\.venv\Lib\site-packages\starlette\routing.py", line 680, in app
    await route.handle(scope, receive, send)
  File "D:\chen\bilibili-tag-group\.venv\Lib\site-packages\starlette\routing.py", line 276, in handle
    await self.app(scope, receive, send)
  File "D:\chen\bilibili-tag-group\.venv\Lib\site-packages\fastapi\routing.py", line 134, in app
    await wrap_app_handling_exceptions(app, request)(scope, receive, send)
  File "D:\chen\bilibili-tag-group\.venv\Lib\site-packages\starlette\_exception_handler.py", line 53, in wrapped_app
    raise exc
  File "D:\chen\bilibili-tag-group\.venv\Lib\site-packages\starlette\_exception_handler.py", line 42, in wrapped_app
    await app(scope, receive, sender)
  File "D:\chen\bilibili-tag-group\.venv\Lib\site-packages\fastapi\routing.py", line 120, in app
    response = await f(request)
               ^^^^^^^^^^^^^^^^
  File "D:\chen\bilibili-tag-group\.venv\Lib\site-packages\fastapi\routing.py", line 674, in app
    raw_response = await run_endpoint_function(
                   ^^^^^^^^^^^^^^^^^^^^^^^^^^^^
  File "D:\chen\bilibili-tag-group\.venv\Lib\site-packages\fastapi\routing.py", line 328, in run_endpoint_function
    return await dependant.call(**values)
           ^^^^^^^^^^^^^^^^^^^^^^^^^^^^^^
  File "D:\chen\bilibili-tag-group\app\routers\sync.py", line 49, in run_sync
    task = await _sync_svc.start_async_sync(store)
           ^^^^^^^^^^^^^^^^^^^^^^^^^^^^^^^^^^^^^^^
TypeError: object SyncTask can't be used in 'await' expression
2026-07-21 00:13:09 [ERROR] app.main: 未捕获的异常: POST /api/sync/run
Traceback (most recent call last):
  File "D:\chen\bilibili-tag-group\.venv\Lib\site-packages\starlette\middleware\errors.py", line 164, in __call__
    await self.app(scope, receive, _send)
  File "D:\chen\bilibili-tag-group\.venv\Lib\site-packages\starlette\middleware\exceptions.py", line 63, in __call__
    await wrap_app_handling_exceptions(self.app, conn)(scope, receive, send)
  File "D:\chen\bilibili-tag-group\.venv\Lib\site-packages\starlette\_exception_handler.py", line 53, in wrapped_app
    raise exc
  File "D:\chen\bilibili-tag-group\.venv\Lib\site-packages\starlette\_exception_handler.py", line 42, in wrapped_app
    await app(scope, receive, sender)
  File "D:\chen\bilibili-tag-group\.venv\Lib\site-packages\fastapi\middleware\asyncexitstack.py", line 18, in __call__
    await self.app(scope, receive, send)
  File "D:\chen\bilibili-tag-group\.venv\Lib\site-packages\starlette\routing.py", line 660, in __call__
    await self.middleware_stack(scope, receive, send)
  File "D:\chen\bilibili-tag-group\.venv\Lib\site-packages\starlette\routing.py", line 680, in app
    await route.handle(scope, receive, send)
  File "D:\chen\bilibili-tag-group\.venv\Lib\site-packages\starlette\routing.py", line 276, in handle
    await self.app(scope, receive, send)
  File "D:\chen\bilibili-tag-group\.venv\Lib\site-packages\fastapi\routing.py", line 134, in app
    await wrap_app_handling_exceptions(app, request)(scope, receive, send)
  File "D:\chen\bilibili-tag-group\.venv\Lib\site-packages\starlette\_exception_handler.py", line 53, in wrapped_app
    raise exc
  File "D:\chen\bilibili-tag-group\.venv\Lib\site-packages\starlette\_exception_handler.py", line 42, in wrapped_app
    await app(scope, receive, sender)
  File "D:\chen\bilibili-tag-group\.venv\Lib\site-packages\fastapi\routing.py", line 120, in app
    response = await f(request)
               ^^^^^^^^^^^^^^^^
  File "D:\chen\bilibili-tag-group\.venv\Lib\site-packages\fastapi\routing.py", line 674, in app
    raw_response = await run_endpoint_function(
                   ^^^^^^^^^^^^^^^^^^^^^^^^^^^^
  File "D:\chen\bilibili-tag-group\.venv\Lib\site-packages\fastapi\routing.py", line 328, in run_endpoint_function
    return await dependant.call(**values)
           ^^^^^^^^^^^^^^^^^^^^^^^^^^^^^^
  File "D:\chen\bilibili-tag-group\app\routers\sync.py", line 49, in run_sync
    task = await _sync_svc.start_async_sync(store)
           ^^^^^^^^^^^^^^^^^^^^^^^^^^^^^^^^^^^^^^^
TypeError: object SyncTask can't be used in 'await' expression
2026-07-21 00:13:09 [INFO] httpx: HTTP Request: GET http://testserver/api/sync/settings "HTTP/1.1 200 OK"
2026-07-21 00:13:09 [INFO] httpx: HTTP Request: GET http://testserver/api/sync/settings "HTTP/1.1 200 OK"
2026-07-21 00:13:09 [INFO] httpx: HTTP Request: GET http://testserver/api/sync/settings "HTTP/1.1 200 OK"
2026-07-21 00:13:09 [INFO] httpx: HTTP Request: GET http://testserver/api/sync/settings "HTTP/1.1 200 OK"
2026-07-21 00:13:09 [INFO] httpx: HTTP Request: GET http://testserver/api/sync/settings "HTTP/1.1 200 OK"
2026-07-21 00:13:28 [INFO] httpx: HTTP Request: GET http://testserver/health "HTTP/1.1 200 OK"
2026-07-21 00:13:28 [INFO] httpx: HTTP Request: POST http://testserver/api/creators "HTTP/1.1 201 Created"
2026-07-21 00:13:28 [INFO] httpx: HTTP Request: POST http://testserver/api/creators "HTTP/1.1 201 Created"
2026-07-21 00:13:28 [INFO] httpx: HTTP Request: POST http://testserver/api/creators "HTTP/1.1 201 Created"
2026-07-21 00:13:28 [INFO] httpx: HTTP Request: GET http://testserver/api/creators "HTTP/1.1 200 OK"
2026-07-21 00:13:28 [INFO] httpx: HTTP Request: GET http://testserver/api/creators "HTTP/1.1 200 OK"
2026-07-21 00:13:28 [INFO] httpx: HTTP Request: PATCH http://testserver/api/creators/1 "HTTP/1.1 200 OK"
2026-07-21 00:13:28 [INFO] httpx: HTTP Request: PATCH http://testserver/api/creators/1 "HTTP/1.1 200 OK"
2026-07-21 00:13:28 [INFO] httpx: HTTP Request: PATCH http://testserver/api/creators/1 "HTTP/1.1 200 OK"
2026-07-21 00:13:28 [INFO] httpx: HTTP Request: PATCH http://testserver/api/creators/99999 "HTTP/1.1 404 Not Found"
2026-07-21 00:13:28 [INFO] httpx: HTTP Request: GET http://testserver/api/tags "HTTP/1.1 200 OK"
2026-07-21 00:13:28 [INFO] httpx: HTTP Request: GET http://testserver/api/tags "HTTP/1.1 200 OK"
2026-07-21 00:13:28 [INFO] httpx: HTTP Request: POST http://testserver/api/tags "HTTP/1.1 201 Created"
2026-07-21 00:13:28 [INFO] httpx: HTTP Request: POST http://testserver/api/tags "HTTP/1.1 201 Created"
2026-07-21 00:13:28 [INFO] httpx: HTTP Request: POST http://testserver/api/tags "HTTP/1.1 422 Unprocessable Entity"
2026-07-21 00:13:28 [INFO] httpx: HTTP Request: GET http://testserver/api/tags/1/videos "HTTP/1.1 200 OK"
2026-07-21 00:13:28 [INFO] httpx: HTTP Request: GET http://testserver/api/tags/1/videos "HTTP/1.1 200 OK"
2026-07-21 00:13:28 [INFO] httpx: HTTP Request: GET http://testserver/api/tags/99999/videos "HTTP/1.1 200 OK"
2026-07-21 00:13:28 [INFO] httpx: HTTP Request: PATCH http://testserver/api/videos/1/status "HTTP/1.1 200 OK"
2026-07-21 00:13:28 [INFO] httpx: HTTP Request: GET http://testserver/api/tags/1/videos "HTTP/1.1 200 OK"
2026-07-21 00:13:29 [INFO] httpx: HTTP Request: PATCH http://testserver/api/videos/1/status "HTTP/1.1 200 OK"
2026-07-21 00:13:29 [INFO] httpx: HTTP Request: PATCH http://testserver/api/videos/1/status "HTTP/1.1 200 OK"
2026-07-21 00:13:29 [INFO] httpx: HTTP Request: PATCH http://testserver/api/videos/1/status "HTTP/1.1 200 OK"
2026-07-21 00:13:29 [INFO] httpx: HTTP Request: PATCH http://testserver/api/videos/1/status "HTTP/1.1 200 OK"
2026-07-21 00:13:29 [INFO] httpx: HTTP Request: PATCH http://testserver/api/videos/99999/status "HTTP/1.1 404 Not Found"
2026-07-21 00:13:29 [INFO] httpx: HTTP Request: GET http://testserver/api/sync/latest "HTTP/1.1 200 OK"
2026-07-21 00:13:29 [INFO] httpx: HTTP Request: GET http://testserver/api/sync/latest "HTTP/1.1 200 OK"
2026-07-21 00:13:29 [ERROR] app.main: 未捕获的异常: POST /api/sync/run
Traceback (most recent call last):
  File "D:\chen\bilibili-tag-group\.venv\Lib\site-packages\starlette\middleware\errors.py", line 164, in __call__
    await self.app(scope, receive, _send)
  File "D:\chen\bilibili-tag-group\.venv\Lib\site-packages\starlette\middleware\exceptions.py", line 63, in __call__
    await wrap_app_handling_exceptions(self.app, conn)(scope, receive, send)
  File "D:\chen\bilibili-tag-group\.venv\Lib\site-packages\starlette\_exception_handler.py", line 53, in wrapped_app
    raise exc
  File "D:\chen\bilibili-tag-group\.venv\Lib\site-packages\starlette\_exception_handler.py", line 42, in wrapped_app
    await app(scope, receive, sender)
  File "D:\chen\bilibili-tag-group\.venv\Lib\site-packages\fastapi\middleware\asyncexitstack.py", line 18, in __call__
    await self.app(scope, receive, send)
  File "D:\chen\bilibili-tag-group\.venv\Lib\site-packages\starlette\routing.py", line 660, in __call__
    await self.middleware_stack(scope, receive, send)
  File "D:\chen\bilibili-tag-group\.venv\Lib\site-packages\starlette\routing.py", line 680, in app
    await route.handle(scope, receive, send)
  File "D:\chen\bilibili-tag-group\.venv\Lib\site-packages\starlette\routing.py", line 276, in handle
    await self.app(scope, receive, send)
  File "D:\chen\bilibili-tag-group\.venv\Lib\site-packages\fastapi\routing.py", line 134, in app
    await wrap_app_handling_exceptions(app, request)(scope, receive, send)
  File "D:\chen\bilibili-tag-group\.venv\Lib\site-packages\starlette\_exception_handler.py", line 53, in wrapped_app
    raise exc
  File "D:\chen\bilibili-tag-group\.venv\Lib\site-packages\starlette\_exception_handler.py", line 42, in wrapped_app
    await app(scope, receive, sender)
  File "D:\chen\bilibili-tag-group\.venv\Lib\site-packages\fastapi\routing.py", line 120, in app
    response = await f(request)
               ^^^^^^^^^^^^^^^^
  File "D:\chen\bilibili-tag-group\.venv\Lib\site-packages\fastapi\routing.py", line 674, in app
    raw_response = await run_endpoint_function(
                   ^^^^^^^^^^^^^^^^^^^^^^^^^^^^
  File "D:\chen\bilibili-tag-group\.venv\Lib\site-packages\fastapi\routing.py", line 328, in run_endpoint_function
    return await dependant.call(**values)
           ^^^^^^^^^^^^^^^^^^^^^^^^^^^^^^
  File "D:\chen\bilibili-tag-group\app\routers\sync.py", line 49, in run_sync
    task = await _sync_svc.start_async_sync(store)
           ^^^^^^^^^^^^^^^^^^^^^^^^^^^^^^^^^^^^^^^
TypeError: object SyncTask can't be used in 'await' expression
2026-07-21 00:13:30 [ERROR] app.main: 未捕获的异常: POST /api/sync/run
Traceback (most recent call last):
  File "D:\chen\bilibili-tag-group\.venv\Lib\site-packages\starlette\middleware\errors.py", line 164, in __call__
    await self.app(scope, receive, _send)
  File "D:\chen\bilibili-tag-group\.venv\Lib\site-packages\starlette\middleware\exceptions.py", line 63, in __call__
    await wrap_app_handling_exceptions(self.app, conn)(scope, receive, send)
  File "D:\chen\bilibili-tag-group\.venv\Lib\site-packages\starlette\_exception_handler.py", line 53, in wrapped_app
    raise exc
  File "D:\chen\bilibili-tag-group\.venv\Lib\site-packages\starlette\_exception_handler.py", line 42, in wrapped_app
    await app(scope, receive, sender)
  File "D:\chen\bilibili-tag-group\.venv\Lib\site-packages\fastapi\middleware\asyncexitstack.py", line 18, in __call__
    await self.app(scope, receive, send)
  File "D:\chen\bilibili-tag-group\.venv\Lib\site-packages\starlette\routing.py", line 660, in __call__
    await self.middleware_stack(scope, receive, send)
  File "D:\chen\bilibili-tag-group\.venv\Lib\site-packages\starlette\routing.py", line 680, in app
    await route.handle(scope, receive, send)
  File "D:\chen\bilibili-tag-group\.venv\Lib\site-packages\starlette\routing.py", line 276, in handle
    await self.app(scope, receive, send)
  File "D:\chen\bilibili-tag-group\.venv\Lib\site-packages\fastapi\routing.py", line 134, in app
    await wrap_app_handling_exceptions(app, request)(scope, receive, send)
  File "D:\chen\bilibili-tag-group\.venv\Lib\site-packages\starlette\_exception_handler.py", line 53, in wrapped_app
    raise exc
  File "D:\chen\bilibili-tag-group\.venv\Lib\site-packages\starlette\_exception_handler.py", line 42, in wrapped_app
    await app(scope, receive, sender)
  File "D:\chen\bilibili-tag-group\.venv\Lib\site-packages\fastapi\routing.py", line 120, in app
    response = await f(request)
               ^^^^^^^^^^^^^^^^
  File "D:\chen\bilibili-tag-group\.venv\Lib\site-packages\fastapi\routing.py", line 674, in app
    raw_response = await run_endpoint_function(
                   ^^^^^^^^^^^^^^^^^^^^^^^^^^^^
  File "D:\chen\bilibili-tag-group\.venv\Lib\site-packages\fastapi\routing.py", line 328, in run_endpoint_function
    return await dependant.call(**values)
           ^^^^^^^^^^^^^^^^^^^^^^^^^^^^^^
  File "D:\chen\bilibili-tag-group\app\routers\sync.py", line 49, in run_sync
    task = await _sync_svc.start_async_sync(store)
           ^^^^^^^^^^^^^^^^^^^^^^^^^^^^^^^^^^^^^^^
TypeError: object SyncTask can't be used in 'await' expression
2026-07-21 00:13:30 [INFO] httpx: HTTP Request: GET http://testserver/api/sync/settings "HTTP/1.1 200 OK"
2026-07-21 00:13:30 [INFO] httpx: HTTP Request: GET http://testserver/api/sync/settings "HTTP/1.1 200 OK"
2026-07-21 00:13:30 [INFO] httpx: HTTP Request: GET http://testserver/api/sync/settings "HTTP/1.1 200 OK"
2026-07-21 00:13:30 [INFO] httpx: HTTP Request: GET http://testserver/api/sync/settings "HTTP/1.1 200 OK"
2026-07-21 00:13:30 [INFO] httpx: HTTP Request: GET http://testserver/api/sync/settings "HTTP/1.1 200 OK"
2026-07-21 00:13:46 [INFO] httpx: HTTP Request: GET http://testserver/health "HTTP/1.1 200 OK"
2026-07-21 00:13:46 [INFO] httpx: HTTP Request: POST http://testserver/api/creators "HTTP/1.1 201 Created"
2026-07-21 00:13:46 [INFO] httpx: HTTP Request: POST http://testserver/api/creators "HTTP/1.1 201 Created"
2026-07-21 00:13:46 [INFO] httpx: HTTP Request: POST http://testserver/api/creators "HTTP/1.1 201 Created"
2026-07-21 00:13:46 [INFO] httpx: HTTP Request: GET http://testserver/api/creators "HTTP/1.1 200 OK"
2026-07-21 00:13:46 [INFO] httpx: HTTP Request: GET http://testserver/api/creators "HTTP/1.1 200 OK"
2026-07-21 00:13:46 [INFO] httpx: HTTP Request: PATCH http://testserver/api/creators/1 "HTTP/1.1 200 OK"
2026-07-21 00:13:46 [INFO] httpx: HTTP Request: PATCH http://testserver/api/creators/1 "HTTP/1.1 200 OK"
2026-07-21 00:13:46 [INFO] httpx: HTTP Request: PATCH http://testserver/api/creators/1 "HTTP/1.1 200 OK"
2026-07-21 00:13:46 [INFO] httpx: HTTP Request: PATCH http://testserver/api/creators/99999 "HTTP/1.1 404 Not Found"
2026-07-21 00:13:46 [INFO] httpx: HTTP Request: GET http://testserver/api/tags "HTTP/1.1 200 OK"
2026-07-21 00:13:46 [INFO] httpx: HTTP Request: GET http://testserver/api/tags "HTTP/1.1 200 OK"
2026-07-21 00:13:46 [INFO] httpx: HTTP Request: POST http://testserver/api/tags "HTTP/1.1 201 Created"
2026-07-21 00:13:46 [INFO] httpx: HTTP Request: POST http://testserver/api/tags "HTTP/1.1 201 Created"
2026-07-21 00:13:46 [INFO] httpx: HTTP Request: POST http://testserver/api/tags "HTTP/1.1 422 Unprocessable Entity"
2026-07-21 00:13:46 [INFO] httpx: HTTP Request: GET http://testserver/api/tags/1/videos "HTTP/1.1 200 OK"
2026-07-21 00:13:46 [INFO] httpx: HTTP Request: GET http://testserver/api/tags/1/videos "HTTP/1.1 200 OK"
2026-07-21 00:13:46 [INFO] httpx: HTTP Request: GET http://testserver/api/tags/99999/videos "HTTP/1.1 200 OK"
2026-07-21 00:13:46 [INFO] httpx: HTTP Request: PATCH http://testserver/api/videos/1/status "HTTP/1.1 200 OK"
2026-07-21 00:13:46 [INFO] httpx: HTTP Request: GET http://testserver/api/tags/1/videos "HTTP/1.1 200 OK"
2026-07-21 00:13:46 [INFO] httpx: HTTP Request: PATCH http://testserver/api/videos/1/status "HTTP/1.1 200 OK"
2026-07-21 00:13:46 [INFO] httpx: HTTP Request: PATCH http://testserver/api/videos/1/status "HTTP/1.1 200 OK"
2026-07-21 00:13:46 [INFO] httpx: HTTP Request: PATCH http://testserver/api/videos/1/status "HTTP/1.1 200 OK"
2026-07-21 00:13:46 [INFO] httpx: HTTP Request: PATCH http://testserver/api/videos/1/status "HTTP/1.1 200 OK"
2026-07-21 00:13:46 [INFO] httpx: HTTP Request: PATCH http://testserver/api/videos/99999/status "HTTP/1.1 404 Not Found"
2026-07-21 00:13:46 [INFO] httpx: HTTP Request: GET http://testserver/api/sync/latest "HTTP/1.1 200 OK"
2026-07-21 00:13:46 [INFO] httpx: HTTP Request: GET http://testserver/api/sync/latest "HTTP/1.1 200 OK"
2026-07-21 00:13:46 [ERROR] app.main: 未捕获的异常: POST /api/sync/run
Traceback (most recent call last):
  File "D:\chen\bilibili-tag-group\.venv\Lib\site-packages\starlette\middleware\errors.py", line 164, in __call__
    await self.app(scope, receive, _send)
  File "D:\chen\bilibili-tag-group\.venv\Lib\site-packages\starlette\middleware\exceptions.py", line 63, in __call__
    await wrap_app_handling_exceptions(self.app, conn)(scope, receive, send)
  File "D:\chen\bilibili-tag-group\.venv\Lib\site-packages\starlette\_exception_handler.py", line 53, in wrapped_app
    raise exc
  File "D:\chen\bilibili-tag-group\.venv\Lib\site-packages\starlette\_exception_handler.py", line 42, in wrapped_app
    await app(scope, receive, sender)
  File "D:\chen\bilibili-tag-group\.venv\Lib\site-packages\fastapi\middleware\asyncexitstack.py", line 18, in __call__
    await self.app(scope, receive, send)
  File "D:\chen\bilibili-tag-group\.venv\Lib\site-packages\starlette\routing.py", line 660, in __call__
    await self.middleware_stack(scope, receive, send)
  File "D:\chen\bilibili-tag-group\.venv\Lib\site-packages\starlette\routing.py", line 680, in app
    await route.handle(scope, receive, send)
  File "D:\chen\bilibili-tag-group\.venv\Lib\site-packages\starlette\routing.py", line 276, in handle
    await self.app(scope, receive, send)
  File "D:\chen\bilibili-tag-group\.venv\Lib\site-packages\fastapi\routing.py", line 134, in app
    await wrap_app_handling_exceptions(app, request)(scope, receive, send)
  File "D:\chen\bilibili-tag-group\.venv\Lib\site-packages\starlette\_exception_handler.py", line 53, in wrapped_app
    raise exc
  File "D:\chen\bilibili-tag-group\.venv\Lib\site-packages\starlette\_exception_handler.py", line 42, in wrapped_app
    await app(scope, receive, sender)
  File "D:\chen\bilibili-tag-group\.venv\Lib\site-packages\fastapi\routing.py", line 120, in app
    response = await f(request)
               ^^^^^^^^^^^^^^^^
  File "D:\chen\bilibili-tag-group\.venv\Lib\site-packages\fastapi\routing.py", line 674, in app
    raw_response = await run_endpoint_function(
                   ^^^^^^^^^^^^^^^^^^^^^^^^^^^^
  File "D:\chen\bilibili-tag-group\.venv\Lib\site-packages\fastapi\routing.py", line 328, in run_endpoint_function
    return await dependant.call(**values)
           ^^^^^^^^^^^^^^^^^^^^^^^^^^^^^^
  File "D:\chen\bilibili-tag-group\app\routers\sync.py", line 49, in run_sync
    task = await _sync_svc.start_async_sync(store)
           ^^^^^^^^^^^^^^^^^^^^^^^^^^^^^^^^^^^^^^^
TypeError: object SyncTask can't be used in 'await' expression
2026-07-21 00:13:46 [ERROR] app.main: 未捕获的异常: POST /api/sync/run
Traceback (most recent call last):
  File "D:\chen\bilibili-tag-group\.venv\Lib\site-packages\starlette\middleware\errors.py", line 164, in __call__
    await self.app(scope, receive, _send)
  File "D:\chen\bilibili-tag-group\.venv\Lib\site-packages\starlette\middleware\exceptions.py", line 63, in __call__
    await wrap_app_handling_exceptions(self.app, conn)(scope, receive, send)
  File "D:\chen\bilibili-tag-group\.venv\Lib\site-packages\starlette\_exception_handler.py", line 53, in wrapped_app
    raise exc
  File "D:\chen\bilibili-tag-group\.venv\Lib\site-packages\starlette\_exception_handler.py", line 42, in wrapped_app
    await app(scope, receive, sender)
  File "D:\chen\bilibili-tag-group\.venv\Lib\site-packages\fastapi\middleware\asyncexitstack.py", line 18, in __call__
    await self.app(scope, receive, send)
  File "D:\chen\bilibili-tag-group\.venv\Lib\site-packages\starlette\routing.py", line 660, in __call__
    await self.middleware_stack(scope, receive, send)
  File "D:\chen\bilibili-tag-group\.venv\Lib\site-packages\starlette\routing.py", line 680, in app
    await route.handle(scope, receive, send)
  File "D:\chen\bilibili-tag-group\.venv\Lib\site-packages\starlette\routing.py", line 276, in handle
    await self.app(scope, receive, send)
  File "D:\chen\bilibili-tag-group\.venv\Lib\site-packages\fastapi\routing.py", line 134, in app
    await wrap_app_handling_exceptions(app, request)(scope, receive, send)
  File "D:\chen\bilibili-tag-group\.venv\Lib\site-packages\starlette\_exception_handler.py", line 53, in wrapped_app
    raise exc
  File "D:\chen\bilibili-tag-group\.venv\Lib\site-packages\starlette\_exception_handler.py", line 42, in wrapped_app
    await app(scope, receive, sender)
  File "D:\chen\bilibili-tag-group\.venv\Lib\site-packages\fastapi\routing.py", line 120, in app
    response = await f(request)
               ^^^^^^^^^^^^^^^^
  File "D:\chen\bilibili-tag-group\.venv\Lib\site-packages\fastapi\routing.py", line 674, in app
    raw_response = await run_endpoint_function(
                   ^^^^^^^^^^^^^^^^^^^^^^^^^^^^
  File "D:\chen\bilibili-tag-group\.venv\Lib\site-packages\fastapi\routing.py", line 328, in run_endpoint_function
    return await dependant.call(**values)
           ^^^^^^^^^^^^^^^^^^^^^^^^^^^^^^
  File "D:\chen\bilibili-tag-group\app\routers\sync.py", line 49, in run_sync
    task = await _sync_svc.start_async_sync(store)
           ^^^^^^^^^^^^^^^^^^^^^^^^^^^^^^^^^^^^^^^
TypeError: object SyncTask can't be used in 'await' expression
2026-07-21 00:13:46 [INFO] httpx: HTTP Request: GET http://testserver/api/sync/settings "HTTP/1.1 200 OK"
2026-07-21 00:13:46 [INFO] httpx: HTTP Request: GET http://testserver/api/sync/settings "HTTP/1.1 200 OK"
2026-07-21 00:13:46 [INFO] httpx: HTTP Request: GET http://testserver/api/sync/settings "HTTP/1.1 200 OK"
2026-07-21 00:13:46 [INFO] httpx: HTTP Request: GET http://testserver/api/sync/settings "HTTP/1.1 200 OK"
2026-07-21 00:13:46 [INFO] httpx: HTTP Request: GET http://testserver/api/sync/settings "HTTP/1.1 200 OK"
2026-07-21 00:14:08 [INFO] httpx: HTTP Request: GET http://testserver/health "HTTP/1.1 200 OK"
2026-07-21 00:14:08 [INFO] httpx: HTTP Request: POST http://testserver/api/creators "HTTP/1.1 201 Created"
2026-07-21 00:14:08 [INFO] httpx: HTTP Request: POST http://testserver/api/creators "HTTP/1.1 201 Created"
2026-07-21 00:14:08 [INFO] httpx: HTTP Request: POST http://testserver/api/creators "HTTP/1.1 201 Created"
2026-07-21 00:14:08 [INFO] httpx: HTTP Request: GET http://testserver/api/creators "HTTP/1.1 200 OK"
2026-07-21 00:14:08 [INFO] httpx: HTTP Request: GET http://testserver/api/creators "HTTP/1.1 200 OK"
2026-07-21 00:14:08 [INFO] httpx: HTTP Request: PATCH http://testserver/api/creators/1 "HTTP/1.1 200 OK"
2026-07-21 00:14:08 [INFO] httpx: HTTP Request: PATCH http://testserver/api/creators/1 "HTTP/1.1 200 OK"
2026-07-21 00:14:08 [INFO] httpx: HTTP Request: PATCH http://testserver/api/creators/1 "HTTP/1.1 200 OK"
2026-07-21 00:14:08 [INFO] httpx: HTTP Request: PATCH http://testserver/api/creators/99999 "HTTP/1.1 404 Not Found"
2026-07-21 00:14:08 [INFO] httpx: HTTP Request: GET http://testserver/api/tags "HTTP/1.1 200 OK"
2026-07-21 00:14:08 [INFO] httpx: HTTP Request: GET http://testserver/api/tags "HTTP/1.1 200 OK"
2026-07-21 00:14:08 [INFO] httpx: HTTP Request: POST http://testserver/api/tags "HTTP/1.1 201 Created"
2026-07-21 00:14:08 [INFO] httpx: HTTP Request: POST http://testserver/api/tags "HTTP/1.1 201 Created"
2026-07-21 00:14:08 [INFO] httpx: HTTP Request: POST http://testserver/api/tags "HTTP/1.1 422 Unprocessable Entity"
2026-07-21 00:14:08 [INFO] httpx: HTTP Request: GET http://testserver/api/tags/1/videos "HTTP/1.1 200 OK"
2026-07-21 00:14:08 [INFO] httpx: HTTP Request: GET http://testserver/api/tags/1/videos "HTTP/1.1 200 OK"
2026-07-21 00:14:08 [INFO] httpx: HTTP Request: GET http://testserver/api/tags/99999/videos "HTTP/1.1 200 OK"
2026-07-21 00:14:08 [INFO] httpx: HTTP Request: PATCH http://testserver/api/videos/1/status "HTTP/1.1 200 OK"
2026-07-21 00:14:08 [INFO] httpx: HTTP Request: GET http://testserver/api/tags/1/videos "HTTP/1.1 200 OK"
2026-07-21 00:14:08 [INFO] httpx: HTTP Request: PATCH http://testserver/api/videos/1/status "HTTP/1.1 200 OK"
2026-07-21 00:14:08 [INFO] httpx: HTTP Request: PATCH http://testserver/api/videos/1/status "HTTP/1.1 200 OK"
2026-07-21 00:14:08 [INFO] httpx: HTTP Request: PATCH http://testserver/api/videos/1/status "HTTP/1.1 200 OK"
2026-07-21 00:14:08 [INFO] httpx: HTTP Request: PATCH http://testserver/api/videos/1/status "HTTP/1.1 200 OK"
2026-07-21 00:14:08 [INFO] httpx: HTTP Request: PATCH http://testserver/api/videos/99999/status "HTTP/1.1 404 Not Found"
2026-07-21 00:14:08 [INFO] httpx: HTTP Request: GET http://testserver/api/sync/latest "HTTP/1.1 200 OK"
2026-07-21 00:14:08 [INFO] httpx: HTTP Request: GET http://testserver/api/sync/latest "HTTP/1.1 200 OK"
2026-07-21 00:14:08 [INFO] httpx: HTTP Request: POST http://testserver/api/sync/run "HTTP/1.1 200 OK"
2026-07-21 00:14:08 [INFO] httpx: HTTP Request: POST http://testserver/api/sync/run "HTTP/1.1 200 OK"
2026-07-21 00:14:08 [INFO] httpx: HTTP Request: GET http://testserver/api/sync/settings "HTTP/1.1 200 OK"
2026-07-21 00:14:08 [INFO] httpx: HTTP Request: GET http://testserver/api/sync/settings "HTTP/1.1 200 OK"
2026-07-21 00:14:08 [INFO] httpx: HTTP Request: GET http://testserver/api/sync/settings "HTTP/1.1 200 OK"
2026-07-21 00:14:08 [INFO] httpx: HTTP Request: GET http://testserver/api/sync/settings "HTTP/1.1 200 OK"
2026-07-21 00:14:08 [INFO] httpx: HTTP Request: GET http://testserver/api/sync/settings "HTTP/1.1 200 OK"
2026-07-22 01:57:31 [INFO] httpx: HTTP Request: GET http://testserver/health "HTTP/1.1 200 OK"
2026-07-22 01:57:31 [INFO] httpx: HTTP Request: POST http://testserver/api/creators "HTTP/1.1 201 Created"
2026-07-22 01:57:31 [INFO] httpx: HTTP Request: POST http://testserver/api/creators "HTTP/1.1 201 Created"
2026-07-22 01:57:31 [INFO] httpx: HTTP Request: POST http://testserver/api/creators "HTTP/1.1 201 Created"
2026-07-22 01:57:31 [INFO] httpx: HTTP Request: GET http://testserver/api/creators "HTTP/1.1 200 OK"
2026-07-22 01:57:31 [INFO] httpx: HTTP Request: GET http://testserver/api/creators "HTTP/1.1 200 OK"
2026-07-22 01:57:31 [INFO] httpx: HTTP Request: PATCH http://testserver/api/creators/1 "HTTP/1.1 200 OK"
2026-07-22 01:57:31 [INFO] httpx: HTTP Request: PATCH http://testserver/api/creators/1 "HTTP/1.1 200 OK"
2026-07-22 01:57:31 [INFO] httpx: HTTP Request: PATCH http://testserver/api/creators/1 "HTTP/1.1 200 OK"
2026-07-22 01:57:31 [INFO] httpx: HTTP Request: PATCH http://testserver/api/creators/99999 "HTTP/1.1 404 Not Found"
2026-07-22 01:57:31 [INFO] httpx: HTTP Request: GET http://testserver/api/tags "HTTP/1.1 200 OK"
2026-07-22 01:57:31 [INFO] httpx: HTTP Request: GET http://testserver/api/tags "HTTP/1.1 200 OK"
2026-07-22 01:57:31 [INFO] httpx: HTTP Request: POST http://testserver/api/tags "HTTP/1.1 201 Created"
2026-07-22 01:57:31 [INFO] httpx: HTTP Request: POST http://testserver/api/tags "HTTP/1.1 201 Created"
2026-07-22 01:57:31 [INFO] httpx: HTTP Request: POST http://testserver/api/tags "HTTP/1.1 422 Unprocessable Entity"
2026-07-22 01:57:31 [INFO] httpx: HTTP Request: GET http://testserver/api/tags/1/videos "HTTP/1.1 200 OK"
2026-07-22 01:57:31 [INFO] httpx: HTTP Request: GET http://testserver/api/tags/1/videos "HTTP/1.1 200 OK"
2026-07-22 01:57:31 [INFO] httpx: HTTP Request: GET http://testserver/api/tags/99999/videos "HTTP/1.1 200 OK"
2026-07-22 01:57:31 [INFO] httpx: HTTP Request: PATCH http://testserver/api/videos/1/status "HTTP/1.1 200 OK"
2026-07-22 01:57:31 [INFO] httpx: HTTP Request: GET http://testserver/api/tags/1/videos "HTTP/1.1 200 OK"
2026-07-22 01:57:31 [INFO] httpx: HTTP Request: PATCH http://testserver/api/videos/1/status "HTTP/1.1 200 OK"
2026-07-22 01:57:31 [INFO] httpx: HTTP Request: PATCH http://testserver/api/videos/1/status "HTTP/1.1 200 OK"
2026-07-22 01:57:31 [INFO] httpx: HTTP Request: PATCH http://testserver/api/videos/1/status "HTTP/1.1 200 OK"
2026-07-22 01:57:31 [INFO] httpx: HTTP Request: PATCH http://testserver/api/videos/1/status "HTTP/1.1 200 OK"
2026-07-22 01:57:31 [INFO] httpx: HTTP Request: PATCH http://testserver/api/videos/99999/status "HTTP/1.1 404 Not Found"
2026-07-22 01:57:31 [INFO] httpx: HTTP Request: GET http://testserver/api/sync/latest "HTTP/1.1 200 OK"
2026-07-22 01:57:31 [INFO] httpx: HTTP Request: GET http://testserver/api/sync/latest "HTTP/1.1 200 OK"
2026-07-22 01:57:31 [INFO] httpx: HTTP Request: POST http://testserver/api/sync/run "HTTP/1.1 200 OK"
2026-07-22 01:57:31 [INFO] httpx: HTTP Request: POST http://testserver/api/sync/run "HTTP/1.1 200 OK"
2026-07-22 01:57:31 [INFO] httpx: HTTP Request: GET http://testserver/api/sync/settings "HTTP/1.1 200 OK"
2026-07-22 01:57:31 [INFO] httpx: HTTP Request: GET http://testserver/api/sync/settings "HTTP/1.1 200 OK"
2026-07-22 01:57:31 [INFO] httpx: HTTP Request: GET http://testserver/api/sync/settings "HTTP/1.1 200 OK"
2026-07-22 01:57:31 [INFO] httpx: HTTP Request: GET http://testserver/api/sync/settings "HTTP/1.1 200 OK"
2026-07-22 01:57:31 [INFO] httpx: HTTP Request: GET http://testserver/api/sync/settings "HTTP/1.1 200 OK"
2026-07-22 12:40:54 [INFO] httpx: HTTP Request: GET http://testserver/health "HTTP/1.1 200 OK"
2026-07-22 12:40:54 [INFO] httpx: HTTP Request: POST http://testserver/api/creators "HTTP/1.1 201 Created"
2026-07-22 12:40:54 [INFO] httpx: HTTP Request: POST http://testserver/api/creators "HTTP/1.1 201 Created"
2026-07-22 12:40:54 [INFO] httpx: HTTP Request: POST http://testserver/api/creators "HTTP/1.1 201 Created"
2026-07-22 12:40:54 [INFO] httpx: HTTP Request: GET http://testserver/api/creators "HTTP/1.1 200 OK"
2026-07-22 12:40:54 [INFO] httpx: HTTP Request: GET http://testserver/api/creators "HTTP/1.1 200 OK"
2026-07-22 12:40:54 [INFO] httpx: HTTP Request: PATCH http://testserver/api/creators/1 "HTTP/1.1 200 OK"
2026-07-22 12:40:54 [INFO] httpx: HTTP Request: PATCH http://testserver/api/creators/1 "HTTP/1.1 200 OK"
2026-07-22 12:40:54 [INFO] httpx: HTTP Request: PATCH http://testserver/api/creators/1 "HTTP/1.1 200 OK"
2026-07-22 12:40:54 [INFO] httpx: HTTP Request: PATCH http://testserver/api/creators/99999 "HTTP/1.1 404 Not Found"
2026-07-22 12:40:54 [INFO] httpx: HTTP Request: GET http://testserver/api/tags "HTTP/1.1 200 OK"
2026-07-22 12:40:54 [INFO] httpx: HTTP Request: GET http://testserver/api/tags "HTTP/1.1 200 OK"
2026-07-22 12:40:54 [INFO] httpx: HTTP Request: POST http://testserver/api/tags "HTTP/1.1 201 Created"
2026-07-22 12:40:54 [INFO] httpx: HTTP Request: POST http://testserver/api/tags "HTTP/1.1 201 Created"
2026-07-22 12:40:54 [INFO] httpx: HTTP Request: POST http://testserver/api/tags "HTTP/1.1 422 Unprocessable Entity"
2026-07-22 12:40:54 [INFO] httpx: HTTP Request: GET http://testserver/api/tags/1/videos "HTTP/1.1 200 OK"
2026-07-22 12:40:54 [INFO] httpx: HTTP Request: GET http://testserver/api/tags/1/videos "HTTP/1.1 200 OK"
2026-07-22 12:40:54 [INFO] httpx: HTTP Request: GET http://testserver/api/tags/99999/videos "HTTP/1.1 200 OK"
2026-07-22 12:40:54 [INFO] httpx: HTTP Request: PATCH http://testserver/api/videos/1/status "HTTP/1.1 200 OK"
2026-07-22 12:40:54 [INFO] httpx: HTTP Request: GET http://testserver/api/tags/1/videos "HTTP/1.1 200 OK"
2026-07-22 12:40:54 [INFO] httpx: HTTP Request: PATCH http://testserver/api/videos/1/status "HTTP/1.1 200 OK"
2026-07-22 12:40:54 [INFO] httpx: HTTP Request: PATCH http://testserver/api/videos/1/status "HTTP/1.1 200 OK"
2026-07-22 12:40:54 [INFO] httpx: HTTP Request: PATCH http://testserver/api/videos/1/status "HTTP/1.1 200 OK"
2026-07-22 12:40:54 [INFO] httpx: HTTP Request: PATCH http://testserver/api/videos/1/status "HTTP/1.1 200 OK"
2026-07-22 12:40:54 [INFO] httpx: HTTP Request: PATCH http://testserver/api/videos/99999/status "HTTP/1.1 404 Not Found"
2026-07-22 12:40:54 [INFO] httpx: HTTP Request: GET http://testserver/api/sync/latest "HTTP/1.1 200 OK"
2026-07-22 12:40:54 [INFO] httpx: HTTP Request: GET http://testserver/api/sync/latest "HTTP/1.1 200 OK"
2026-07-22 12:40:54 [INFO] httpx: HTTP Request: POST http://testserver/api/sync/run "HTTP/1.1 200 OK"
2026-07-22 12:40:54 [INFO] httpx: HTTP Request: POST http://testserver/api/sync/run "HTTP/1.1 200 OK"
2026-07-22 12:40:54 [INFO] httpx: HTTP Request: GET http://testserver/api/sync/settings "HTTP/1.1 200 OK"
2026-07-22 12:40:54 [INFO] httpx: HTTP Request: GET http://testserver/api/sync/settings "HTTP/1.1 200 OK"
2026-07-22 12:40:54 [INFO] httpx: HTTP Request: GET http://testserver/api/sync/settings "HTTP/1.1 200 OK"
2026-07-22 12:40:54 [INFO] httpx: HTTP Request: GET http://testserver/api/sync/settings "HTTP/1.1 200 OK"
2026-07-22 12:40:54 [INFO] httpx: HTTP Request: GET http://testserver/api/sync/settings "HTTP/1.1 200 OK"
2026-07-22 12:44:08 [INFO] httpx: HTTP Request: GET http://testserver/health "HTTP/1.1 200 OK"
2026-07-22 12:44:08 [INFO] httpx: HTTP Request: POST http://testserver/api/creators "HTTP/1.1 201 Created"
2026-07-22 12:44:08 [INFO] httpx: HTTP Request: POST http://testserver/api/creators "HTTP/1.1 201 Created"
2026-07-22 12:44:08 [INFO] httpx: HTTP Request: POST http://testserver/api/creators "HTTP/1.1 201 Created"
2026-07-22 12:44:08 [INFO] httpx: HTTP Request: GET http://testserver/api/creators "HTTP/1.1 200 OK"
2026-07-22 12:44:08 [INFO] httpx: HTTP Request: GET http://testserver/api/creators "HTTP/1.1 200 OK"
2026-07-22 12:44:08 [INFO] httpx: HTTP Request: PATCH http://testserver/api/creators/1 "HTTP/1.1 200 OK"
2026-07-22 12:44:08 [INFO] httpx: HTTP Request: PATCH http://testserver/api/creators/1 "HTTP/1.1 200 OK"
2026-07-22 12:44:08 [INFO] httpx: HTTP Request: PATCH http://testserver/api/creators/1 "HTTP/1.1 200 OK"
2026-07-22 12:44:08 [INFO] httpx: HTTP Request: PATCH http://testserver/api/creators/99999 "HTTP/1.1 404 Not Found"
2026-07-22 12:44:08 [INFO] httpx: HTTP Request: GET http://testserver/api/tags "HTTP/1.1 200 OK"
2026-07-22 12:44:08 [INFO] httpx: HTTP Request: GET http://testserver/api/tags "HTTP/1.1 200 OK"
2026-07-22 12:44:08 [INFO] httpx: HTTP Request: POST http://testserver/api/tags "HTTP/1.1 201 Created"
2026-07-22 12:44:08 [INFO] httpx: HTTP Request: POST http://testserver/api/tags "HTTP/1.1 201 Created"
2026-07-22 12:44:08 [INFO] httpx: HTTP Request: POST http://testserver/api/tags "HTTP/1.1 422 Unprocessable Entity"
2026-07-22 12:44:08 [INFO] httpx: HTTP Request: GET http://testserver/api/tags/1/videos "HTTP/1.1 200 OK"
2026-07-22 12:44:08 [INFO] httpx: HTTP Request: GET http://testserver/api/tags/1/videos "HTTP/1.1 200 OK"
2026-07-22 12:44:08 [INFO] httpx: HTTP Request: GET http://testserver/api/tags/99999/videos "HTTP/1.1 200 OK"
2026-07-22 12:44:08 [INFO] httpx: HTTP Request: PATCH http://testserver/api/videos/1/status "HTTP/1.1 200 OK"
2026-07-22 12:44:08 [INFO] httpx: HTTP Request: GET http://testserver/api/tags/1/videos "HTTP/1.1 200 OK"
2026-07-22 12:44:08 [INFO] httpx: HTTP Request: PATCH http://testserver/api/videos/1/status "HTTP/1.1 200 OK"
2026-07-22 12:44:08 [INFO] httpx: HTTP Request: PATCH http://testserver/api/videos/1/status "HTTP/1.1 200 OK"
2026-07-22 12:44:08 [INFO] httpx: HTTP Request: PATCH http://testserver/api/videos/1/status "HTTP/1.1 200 OK"
2026-07-22 12:44:08 [INFO] httpx: HTTP Request: PATCH http://testserver/api/videos/1/status "HTTP/1.1 200 OK"
2026-07-22 12:44:08 [INFO] httpx: HTTP Request: PATCH http://testserver/api/videos/99999/status "HTTP/1.1 404 Not Found"
2026-07-22 12:44:08 [INFO] httpx: HTTP Request: GET http://testserver/api/sync/latest "HTTP/1.1 200 OK"
2026-07-22 12:44:08 [INFO] httpx: HTTP Request: GET http://testserver/api/sync/latest "HTTP/1.1 200 OK"
2026-07-22 12:44:08 [INFO] httpx: HTTP Request: POST http://testserver/api/sync/run "HTTP/1.1 200 OK"
2026-07-22 12:44:08 [INFO] httpx: HTTP Request: POST http://testserver/api/sync/run "HTTP/1.1 200 OK"
2026-07-22 12:44:08 [INFO] httpx: HTTP Request: GET http://testserver/api/sync/settings "HTTP/1.1 200 OK"
2026-07-22 12:44:08 [INFO] httpx: HTTP Request: GET http://testserver/api/sync/settings "HTTP/1.1 200 OK"
2026-07-22 12:44:08 [INFO] httpx: HTTP Request: GET http://testserver/api/sync/settings "HTTP/1.1 200 OK"
2026-07-22 12:44:08 [INFO] httpx: HTTP Request: GET http://testserver/api/sync/settings "HTTP/1.1 200 OK"
2026-07-22 12:44:08 [INFO] httpx: HTTP Request: GET http://testserver/api/sync/settings "HTTP/1.1 200 OK"
2026-07-22 12:46:54 [INFO] httpx: HTTP Request: GET http://testserver/health "HTTP/1.1 200 OK"
2026-07-22 12:46:54 [INFO] httpx: HTTP Request: POST http://testserver/api/creators "HTTP/1.1 201 Created"
2026-07-22 12:46:54 [INFO] httpx: HTTP Request: POST http://testserver/api/creators "HTTP/1.1 201 Created"
2026-07-22 12:46:54 [INFO] httpx: HTTP Request: POST http://testserver/api/creators "HTTP/1.1 201 Created"
2026-07-22 12:46:54 [INFO] httpx: HTTP Request: GET http://testserver/api/creators "HTTP/1.1 200 OK"
2026-07-22 12:46:54 [INFO] httpx: HTTP Request: GET http://testserver/api/creators "HTTP/1.1 200 OK"
2026-07-22 12:46:54 [INFO] httpx: HTTP Request: PATCH http://testserver/api/creators/1 "HTTP/1.1 200 OK"
2026-07-22 12:46:54 [INFO] httpx: HTTP Request: PATCH http://testserver/api/creators/1 "HTTP/1.1 200 OK"
2026-07-22 12:46:54 [INFO] httpx: HTTP Request: PATCH http://testserver/api/creators/1 "HTTP/1.1 200 OK"
2026-07-22 12:46:54 [INFO] httpx: HTTP Request: PATCH http://testserver/api/creators/99999 "HTTP/1.1 404 Not Found"
2026-07-22 12:46:54 [INFO] httpx: HTTP Request: GET http://testserver/api/tags "HTTP/1.1 200 OK"
2026-07-22 12:46:54 [INFO] httpx: HTTP Request: GET http://testserver/api/tags "HTTP/1.1 200 OK"
2026-07-22 12:46:54 [INFO] httpx: HTTP Request: POST http://testserver/api/tags "HTTP/1.1 201 Created"
2026-07-22 12:46:54 [INFO] httpx: HTTP Request: POST http://testserver/api/tags "HTTP/1.1 201 Created"
2026-07-22 12:46:54 [INFO] httpx: HTTP Request: POST http://testserver/api/tags "HTTP/1.1 422 Unprocessable Entity"
2026-07-22 12:46:54 [INFO] httpx: HTTP Request: GET http://testserver/api/tags/1/videos "HTTP/1.1 200 OK"
2026-07-22 12:46:54 [INFO] httpx: HTTP Request: GET http://testserver/api/tags/1/videos "HTTP/1.1 200 OK"
2026-07-22 12:46:54 [INFO] httpx: HTTP Request: GET http://testserver/api/tags/99999/videos "HTTP/1.1 200 OK"
2026-07-22 12:46:54 [INFO] httpx: HTTP Request: PATCH http://testserver/api/videos/1/status "HTTP/1.1 200 OK"
2026-07-22 12:46:54 [INFO] httpx: HTTP Request: GET http://testserver/api/tags/1/videos "HTTP/1.1 200 OK"
2026-07-22 12:46:54 [INFO] httpx: HTTP Request: PATCH http://testserver/api/videos/1/status "HTTP/1.1 200 OK"
2026-07-22 12:46:54 [INFO] httpx: HTTP Request: PATCH http://testserver/api/videos/1/status "HTTP/1.1 200 OK"
2026-07-22 12:46:54 [INFO] httpx: HTTP Request: PATCH http://testserver/api/videos/1/status "HTTP/1.1 200 OK"
2026-07-22 12:46:54 [INFO] httpx: HTTP Request: PATCH http://testserver/api/videos/1/status "HTTP/1.1 200 OK"
2026-07-22 12:46:54 [INFO] httpx: HTTP Request: PATCH http://testserver/api/videos/99999/status "HTTP/1.1 404 Not Found"
2026-07-22 12:46:54 [INFO] httpx: HTTP Request: GET http://testserver/api/sync/latest "HTTP/1.1 200 OK"
2026-07-22 12:46:54 [INFO] httpx: HTTP Request: GET http://testserver/api/sync/latest "HTTP/1.1 200 OK"
2026-07-22 12:46:54 [INFO] httpx: HTTP Request: POST http://testserver/api/sync/run "HTTP/1.1 200 OK"
2026-07-22 12:46:54 [INFO] httpx: HTTP Request: POST http://testserver/api/sync/run "HTTP/1.1 200 OK"
2026-07-22 12:46:54 [INFO] httpx: HTTP Request: GET http://testserver/api/sync/settings "HTTP/1.1 200 OK"
2026-07-22 12:46:54 [INFO] httpx: HTTP Request: GET http://testserver/api/sync/settings "HTTP/1.1 200 OK"
2026-07-22 12:46:54 [INFO] httpx: HTTP Request: GET http://testserver/api/sync/settings "HTTP/1.1 200 OK"
2026-07-22 12:46:54 [INFO] httpx: HTTP Request: GET http://testserver/api/sync/settings "HTTP/1.1 200 OK"
2026-07-22 12:46:54 [INFO] httpx: HTTP Request: GET http://testserver/api/sync/settings "HTTP/1.1 200 OK"
2026-07-30 22:24:25 [INFO] app.fetcher.playwright_fetcher: 开始抓取 437979218 的视频
2026-07-30 22:24:29 [INFO] app.fetcher.playwright_fetcher: 抓取第 1 页的数据
2026-07-30 22:24:32 [INFO] app.fetcher.playwright_fetcher: 抓取第 2 页的数据
2026-07-30 22:24:36 [INFO] app.fetcher.playwright_fetcher: 抓取第 3 页的数据
2026-07-30 22:24:39 [INFO] app.fetcher.playwright_fetcher: 抓取第 4 页的数据
2026-07-30 22:24:43 [INFO] app.fetcher.playwright_fetcher: 抓取第 5 页的数据
2026-07-30 22:24:47 [INFO] app.fetcher.playwright_fetcher: 抓取第 6 页的数据
2026-07-30 22:24:50 [INFO] app.fetcher.playwright_fetcher: 抓取第 7 页的数据
2026-07-30 22:24:53 [INFO] app.fetcher.playwright_fetcher: 抓取第 8 页的数据
2026-07-30 22:24:57 [INFO] app.fetcher.playwright_fetcher: 抓取第 9 页的数据
2026-07-30 22:25:01 [INFO] app.fetcher.playwright_fetcher: 抓取第 10 页的数据
2026-07-30 22:25:04 [INFO] app.fetcher.playwright_fetcher: 抓取第 11 页的数据
2026-07-30 22:25:08 [INFO] app.fetcher.playwright_fetcher: 抓取第 12 页的数据
2026-07-30 22:25:11 [INFO] app.fetcher.playwright_fetcher: 抓取第 13 页的数据
2026-07-30 22:25:15 [INFO] app.fetcher.playwright_fetcher: 抓取第 14 页的数据
2026-07-30 22:25:18 [INFO] app.fetcher.playwright_fetcher: 抓取第 15 页的数据
2026-07-30 22:25:22 [INFO] app.fetcher.playwright_fetcher: 抓取第 16 页的数据
2026-07-30 22:25:25 [INFO] app.fetcher.playwright_fetcher: 抓取第 17 页的数据
2026-07-30 22:25:28 [INFO] app.fetcher.playwright_fetcher: 抓取第 18 页的数据
2026-07-30 22:25:32 [INFO] app.fetcher.playwright_fetcher: 抓取第 19 页的数据
2026-07-30 22:25:35 [INFO] app.fetcher.playwright_fetcher: 抓取第 20 页的数据
2026-07-30 22:25:39 [INFO] app.fetcher.playwright_fetcher: 抓取第 21 页的数据
2026-07-30 22:25:42 [INFO] app.fetcher.playwright_fetcher: 抓取第 22 页的数据
2026-07-30 22:25:45 [INFO] app.fetcher.playwright_fetcher: 抓取第 23 页的数据
2026-07-30 22:25:47 [INFO] app.fetcher.playwright_fetcher: 抓取第 24 页的数据
2026-07-30 22:25:50 [INFO] app.fetcher.playwright_fetcher: 抓取第 25 页的数据
2026-07-30 22:25:51 [WARNING] app.services.sync_service: 跳过无发布时间的视频 bvid=BV1KD3Y6qE8a
2026-07-30 22:25:51 [WARNING] app.services.sync_service: 跳过无发布时间的视频 bvid=BV1wF3e6hEt4
2026-07-30 22:25:51 [WARNING] app.services.sync_service: 跳过无发布时间的视频 bvid=BV1KD3Y6qEDA
2026-07-30 22:27:40 [ERROR] app.routers.creators: 解析 UP 主名称失败 url=https://space.bilibili.com/652380147
Traceback (most recent call last):
  File "/Users/chen/Documents/chen/ai/personal/bilibili-tag-group/app/fetcher/playwright_fetcher.py", line 249, in fetch_creator_info
    name = await name_el.text_content()
           ^^^^^^^^^^^^^^^^^^^^^^^^^^^^
  File "/Users/chen/Documents/chen/ai/personal/bilibili-tag-group/.venv/lib/python3.13/site-packages/playwright/async_api/_generated.py", line 20027, in text_content
    await self._impl_obj.text_content(timeout=to_milliseconds(timeout))
  File "/Users/chen/Documents/chen/ai/personal/bilibili-tag-group/.venv/lib/python3.13/site-packages/playwright/_impl/_locator.py", line 678, in text_content
    return await self._frame.text_content(
           ^^^^^^^^^^^^^^^^^^^^^^^^^^^^^^^
    ...<3 lines>...
    )
    ^
  File "/Users/chen/Documents/chen/ai/personal/bilibili-tag-group/.venv/lib/python3.13/site-packages/playwright/_impl/_frame.py", line 732, in text_content
    return await self._channel.send(
           ^^^^^^^^^^^^^^^^^^^^^^^^^
        "textContent", self._timeout, locals_to_params(locals())
        ^^^^^^^^^^^^^^^^^^^^^^^^^^^^^^^^^^^^^^^^^^^^^^^^^^^^^^^^
    )
    ^
  File "/Users/chen/Documents/chen/ai/personal/bilibili-tag-group/.venv/lib/python3.13/site-packages/playwright/_impl/_connection.py", line 69, in send
    return await self._connection.wrap_api_call(
           ^^^^^^^^^^^^^^^^^^^^^^^^^^^^^^^^^^^^^
    ...<3 lines>...
    )
    ^
  File "/Users/chen/Documents/chen/ai/personal/bilibili-tag-group/.venv/lib/python3.13/site-packages/playwright/_impl/_connection.py", line 563, in wrap_api_call
    raise rewrite_error(error, f"{parsed_st['apiName']}: {error}") from None
playwright._impl._errors.TimeoutError: Locator.text_content: Timeout 30000ms exceeded.
Call log:
  - waiting for locator(".nickname").first


The above exception was the direct cause of the following exception:

Traceback (most recent call last):
  File "/Users/chen/Documents/chen/ai/personal/bilibili-tag-group/app/routers/creators.py", line 62, in resolve_creator_name
    info = await _creator_svc.resolve_creator_info(fetcher, profile_url)
           ^^^^^^^^^^^^^^^^^^^^^^^^^^^^^^^^^^^^^^^^^^^^^^^^^^^^^^^^^^^^^
  File "/Users/chen/Documents/chen/ai/personal/bilibili-tag-group/app/services/creator_service.py", line 66, in resolve_creator_info
    return await fetcher.fetch_creator_info(uid)
           ^^^^^^^^^^^^^^^^^^^^^^^^^^^^^^^^^^^^^
  File "/Users/chen/Documents/chen/ai/personal/bilibili-tag-group/app/fetcher/playwright_fetcher.py", line 293, in fetch_creator_info
    raise FetchError(f"获取 UP 主信息失败，uid={uid}: {exc}") from exc
app.fetcher.playwright_fetcher.FetchError: 获取 UP 主信息失败，uid=652380147: Locator.text_content: Timeout 30000ms exceeded.
Call log:
  - waiting for locator(".nickname").first

2026-07-30 22:55:21 [INFO] app.fetcher.playwright_fetcher: 开始抓取 437979218 的视频
2026-07-30 22:55:49 [INFO] app.fetcher.playwright_fetcher: 抓取第 1 页的数据
2026-07-30 22:55:52 [INFO] app.fetcher.playwright_fetcher: 抓取第 2 页的数据
2026-07-30 22:55:55 [INFO] app.fetcher.playwright_fetcher: 抓取第 3 页的数据
2026-07-30 22:55:58 [INFO] app.fetcher.playwright_fetcher: 抓取第 4 页的数据
2026-07-30 22:56:00 [INFO] app.fetcher.playwright_fetcher: 抓取第 5 页的数据
2026-07-30 22:56:03 [INFO] app.fetcher.playwright_fetcher: 抓取第 6 页的数据
2026-07-30 22:56:07 [INFO] app.fetcher.playwright_fetcher: 抓取第 7 页的数据
2026-07-30 22:56:10 [INFO] app.fetcher.playwright_fetcher: 抓取第 8 页的数据
2026-07-30 22:56:13 [INFO] app.fetcher.playwright_fetcher: 抓取第 9 页的数据
2026-07-30 22:56:17 [INFO] app.fetcher.playwright_fetcher: 抓取第 10 页的数据
2026-07-30 22:56:20 [INFO] app.fetcher.playwright_fetcher: 抓取第 11 页的数据
2026-07-30 22:56:22 [INFO] app.fetcher.playwright_fetcher: 抓取第 12 页的数据
2026-07-30 22:56:26 [INFO] app.fetcher.playwright_fetcher: 抓取第 13 页的数据
2026-07-30 22:56:30 [INFO] app.fetcher.playwright_fetcher: 抓取第 14 页的数据
2026-07-30 22:56:32 [INFO] app.fetcher.playwright_fetcher: 抓取第 15 页的数据
2026-07-30 22:56:36 [INFO] app.fetcher.playwright_fetcher: 抓取第 16 页的数据
2026-07-30 22:56:40 [INFO] app.fetcher.playwright_fetcher: 抓取第 17 页的数据
2026-07-30 22:56:43 [INFO] app.fetcher.playwright_fetcher: 抓取第 18 页的数据
2026-07-30 22:56:45 [INFO] app.fetcher.playwright_fetcher: 抓取第 19 页的数据
2026-07-30 22:56:48 [INFO] app.fetcher.playwright_fetcher: 抓取第 20 页的数据
2026-07-30 22:56:51 [INFO] app.fetcher.playwright_fetcher: 抓取第 21 页的数据
2026-07-30 22:56:55 [INFO] app.fetcher.playwright_fetcher: 抓取第 22 页的数据
2026-07-30 22:56:59 [INFO] app.fetcher.playwright_fetcher: 抓取第 23 页的数据
2026-07-30 22:57:03 [INFO] app.fetcher.playwright_fetcher: 抓取第 24 页的数据
2026-07-30 22:57:07 [INFO] app.fetcher.playwright_fetcher: 抓取第 25 页的数据
2026-07-30 22:57:07 [WARNING] app.services.sync_service: 跳过无发布时间的视频 bvid=BV1KD3Y6qE8a
2026-07-30 22:57:07 [WARNING] app.services.sync_service: 跳过无发布时间的视频 bvid=BV1wF3e6hEt4
2026-07-30 22:57:07 [WARNING] app.services.sync_service: 跳过无发布时间的视频 bvid=BV1KD3Y6qEDA
2026-07-30 22:57:07 [WARNING] app.services.sync_service: 跳过无发布时间的视频 bvid=BV1KD3Y6qE8a
2026-07-30 22:57:07 [WARNING] app.services.sync_service: 跳过无发布时间的视频 bvid=BV1wF3e6hEt4
2026-07-30 22:57:07 [WARNING] app.services.sync_service: 跳过无发布时间的视频 bvid=BV1KD3Y6qEDA
2026-07-30 22:57:07 [WARNING] app.services.sync_service: 跳过无发布时间的视频 bvid=BV1KD3Y6qE8a
2026-07-30 22:57:07 [WARNING] app.services.sync_service: 跳过无发布时间的视频 bvid=BV1wF3e6hEt4
2026-07-30 22:57:07 [WARNING] app.services.sync_service: 跳过无发布时间的视频 bvid=BV1KD3Y6qEDA
2026-07-30 22:57:18 [INFO] app.fetcher.playwright_fetcher: 开始抓取 652380147 的视频
2026-07-30 22:57:34 [INFO] app.fetcher.playwright_fetcher: 抓取第 1 页的数据
2026-07-30 22:57:37 [INFO] app.fetcher.playwright_fetcher: 抓取第 2 页的数据
2026-07-30 22:57:41 [INFO] app.fetcher.playwright_fetcher: 抓取第 3 页的数据
2026-07-30 22:57:44 [INFO] app.fetcher.playwright_fetcher: 抓取第 4 页的数据
2026-07-30 22:57:47 [INFO] app.fetcher.playwright_fetcher: 抓取第 5 页的数据
2026-07-30 22:57:50 [INFO] app.fetcher.playwright_fetcher: 抓取第 6 页的数据
2026-07-30 22:57:53 [INFO] app.fetcher.playwright_fetcher: 抓取第 7 页的数据
2026-07-30 22:58:01 [INFO] app.fetcher.playwright_fetcher: 开始抓取 6658776 的视频
2026-07-30 22:58:42 [INFO] app.fetcher.playwright_fetcher: 抓取第 1 页的数据
2026-07-30 22:58:46 [INFO] app.fetcher.playwright_fetcher: 抓取第 2 页的数据
2026-07-30 22:58:50 [INFO] app.fetcher.playwright_fetcher: 抓取第 3 页的数据
2026-07-30 22:58:53 [INFO] app.fetcher.playwright_fetcher: 抓取第 4 页的数据
2026-07-30 22:58:56 [INFO] app.fetcher.playwright_fetcher: 抓取第 5 页的数据
2026-07-30 22:59:00 [INFO] app.fetcher.playwright_fetcher: 抓取第 6 页的数据
2026-07-30 22:59:04 [INFO] app.fetcher.playwright_fetcher: 抓取第 7 页的数据
2026-07-30 22:59:07 [INFO] app.fetcher.playwright_fetcher: 抓取第 8 页的数据
2026-07-30 22:59:11 [INFO] app.fetcher.playwright_fetcher: 抓取第 9 页的数据
2026-07-30 22:59:13 [INFO] app.fetcher.playwright_fetcher: 抓取第 10 页的数据
2026-07-30 22:59:18 [INFO] app.fetcher.playwright_fetcher: 抓取第 11 页的数据
2026-07-30 22:59:22 [INFO] app.fetcher.playwright_fetcher: 抓取第 12 页的数据
2026-07-30 22:59:26 [INFO] app.fetcher.playwright_fetcher: 抓取第 13 页的数据
2026-07-30 22:59:29 [INFO] app.fetcher.playwright_fetcher: 抓取第 14 页的数据
2026-07-30 22:59:32 [INFO] app.fetcher.playwright_fetcher: 抓取第 15 页的数据
2026-07-30 22:59:32 [WARNING] app.services.sync_service: 跳过无发布时间的视频 bvid=BV1wn3y6oENB
2026-07-30 23:23:34 [INFO] app.fetcher.playwright_fetcher: 开始抓取 437979218 的视频
2026-07-30 23:23:51 [INFO] app.fetcher.playwright_fetcher: 抓取第 1 页的数据
2026-07-30 23:23:54 [INFO] app.fetcher.playwright_fetcher: 抓取第 2 页的数据
2026-07-30 23:23:58 [INFO] app.fetcher.playwright_fetcher: 抓取第 3 页的数据
2026-07-30 23:24:01 [INFO] app.fetcher.playwright_fetcher: 抓取第 4 页的数据
2026-07-30 23:24:04 [INFO] app.fetcher.playwright_fetcher: 抓取第 5 页的数据
2026-07-30 23:24:08 [INFO] app.fetcher.playwright_fetcher: 抓取第 6 页的数据
2026-07-30 23:24:11 [INFO] app.fetcher.playwright_fetcher: 抓取第 7 页的数据
2026-07-30 23:24:14 [INFO] app.fetcher.playwright_fetcher: 抓取第 8 页的数据
2026-07-30 23:24:17 [INFO] app.fetcher.playwright_fetcher: 抓取第 9 页的数据
2026-07-30 23:24:21 [INFO] app.fetcher.playwright_fetcher: 抓取第 10 页的数据
2026-07-30 23:24:25 [INFO] app.fetcher.playwright_fetcher: 抓取第 11 页的数据
2026-07-30 23:24:29 [INFO] app.fetcher.playwright_fetcher: 抓取第 12 页的数据
2026-07-30 23:24:33 [INFO] app.fetcher.playwright_fetcher: 抓取第 13 页的数据
2026-07-30 23:24:36 [INFO] app.fetcher.playwright_fetcher: 抓取第 14 页的数据
2026-07-30 23:24:39 [INFO] app.fetcher.playwright_fetcher: 抓取第 15 页的数据
2026-07-30 23:24:42 [INFO] app.fetcher.playwright_fetcher: 抓取第 16 页的数据
2026-07-30 23:24:46 [INFO] app.fetcher.playwright_fetcher: 抓取第 17 页的数据
2026-07-30 23:24:49 [INFO] app.fetcher.playwright_fetcher: 抓取第 18 页的数据
2026-07-30 23:24:53 [INFO] app.fetcher.playwright_fetcher: 抓取第 19 页的数据
2026-07-30 23:24:56 [INFO] app.fetcher.playwright_fetcher: 抓取第 20 页的数据
2026-07-30 23:24:59 [INFO] app.fetcher.playwright_fetcher: 抓取第 21 页的数据
2026-07-30 23:25:03 [INFO] app.fetcher.playwright_fetcher: 抓取第 22 页的数据
2026-07-30 23:25:05 [INFO] app.fetcher.playwright_fetcher: 抓取第 23 页的数据
2026-07-30 23:25:09 [INFO] app.fetcher.playwright_fetcher: 抓取第 24 页的数据
2026-07-30 23:25:11 [INFO] app.fetcher.playwright_fetcher: 抓取第 25 页的数据
2026-07-30 23:25:12 [WARNING] app.services.sync_service: 跳过无发布时间的视频 bvid=BV1KD3Y6qE8a
2026-07-30 23:25:12 [WARNING] app.services.sync_service: 跳过无发布时间的视频 bvid=BV1wF3e6hEt4
2026-07-30 23:25:12 [WARNING] app.services.sync_service: 跳过无发布时间的视频 bvid=BV1KD3Y6qEDA
2026-07-30 23:25:12 [WARNING] app.services.sync_service: 跳过无发布时间的视频 bvid=BV1KD3Y6qE8a
2026-07-30 23:25:12 [WARNING] app.services.sync_service: 跳过无发布时间的视频 bvid=BV1wF3e6hEt4
2026-07-30 23:25:12 [WARNING] app.services.sync_service: 跳过无发布时间的视频 bvid=BV1KD3Y6qEDA
2026-07-30 23:25:29 [INFO] app.fetcher.playwright_fetcher: 开始抓取 652380147 的视频
2026-07-30 23:25:32 [INFO] app.fetcher.playwright_fetcher: 抓取第 1 页的数据
2026-07-30 23:25:36 [INFO] app.fetcher.playwright_fetcher: 抓取第 2 页的数据
2026-07-30 23:25:40 [INFO] app.fetcher.playwright_fetcher: 抓取第 3 页的数据
2026-07-30 23:25:43 [INFO] app.fetcher.playwright_fetcher: 抓取第 4 页的数据
2026-07-30 23:25:47 [INFO] app.fetcher.playwright_fetcher: 抓取第 5 页的数据
2026-07-30 23:25:51 [INFO] app.fetcher.playwright_fetcher: 抓取第 6 页的数据
2026-07-30 23:25:53 [INFO] app.fetcher.playwright_fetcher: 抓取第 7 页的数据
2026-07-31 10:48:48 [INFO] app.fetcher.playwright_fetcher: 开始抓取 437979218 的视频
2026-07-31 10:48:55 [INFO] app.fetcher.playwright_fetcher: 抓取第 1 页的数据
2026-07-31 10:48:58 [INFO] app.fetcher.playwright_fetcher: 抓取第 2 页的数据
2026-07-31 10:49:02 [INFO] app.fetcher.playwright_fetcher: 抓取第 3 页的数据
2026-07-31 10:49:05 [INFO] app.fetcher.playwright_fetcher: 抓取第 4 页的数据
2026-07-31 10:49:10 [INFO] app.fetcher.playwright_fetcher: 抓取第 5 页的数据
2026-07-31 10:49:13 [INFO] app.fetcher.playwright_fetcher: 抓取第 6 页的数据
2026-07-31 10:49:17 [INFO] app.fetcher.playwright_fetcher: 抓取第 7 页的数据
2026-07-31 10:49:21 [INFO] app.fetcher.playwright_fetcher: 抓取第 8 页的数据
2026-07-31 10:49:25 [INFO] app.fetcher.playwright_fetcher: 抓取第 9 页的数据
2026-07-31 10:49:29 [INFO] app.fetcher.playwright_fetcher: 抓取第 10 页的数据
2026-07-31 10:49:32 [INFO] app.fetcher.playwright_fetcher: 抓取第 11 页的数据
2026-07-31 10:49:34 [INFO] app.fetcher.playwright_fetcher: 抓取第 12 页的数据
2026-07-31 10:49:39 [INFO] app.fetcher.playwright_fetcher: 抓取第 13 页的数据
2026-07-31 10:49:41 [INFO] app.fetcher.playwright_fetcher: 抓取第 14 页的数据
2026-07-31 10:49:44 [INFO] app.fetcher.playwright_fetcher: 抓取第 15 页的数据
2026-07-31 10:49:48 [INFO] app.fetcher.playwright_fetcher: 抓取第 16 页的数据
2026-07-31 10:49:52 [INFO] app.fetcher.playwright_fetcher: 抓取第 17 页的数据
2026-07-31 10:49:57 [INFO] app.fetcher.playwright_fetcher: 抓取第 18 页的数据
2026-07-31 10:50:00 [INFO] app.fetcher.playwright_fetcher: 抓取第 19 页的数据
2026-07-31 10:50:04 [INFO] app.fetcher.playwright_fetcher: 抓取第 20 页的数据
2026-07-31 10:50:08 [INFO] app.fetcher.playwright_fetcher: 抓取第 21 页的数据
2026-07-31 10:50:11 [INFO] app.fetcher.playwright_fetcher: 抓取第 22 页的数据
2026-07-31 10:50:14 [INFO] app.fetcher.playwright_fetcher: 抓取第 23 页的数据
2026-07-31 10:50:17 [INFO] app.fetcher.playwright_fetcher: 抓取第 24 页的数据
2026-07-31 10:50:20 [INFO] app.fetcher.playwright_fetcher: 抓取第 25 页的数据
2026-07-31 10:50:21 [WARNING] app.services.sync_service: 跳过无发布时间的视频 bvid=BV1my3k6aEWt
2026-07-31 10:50:44 [INFO] app.fetcher.playwright_fetcher: 开始抓取 652380147 的视频
2026-07-31 10:51:04 [INFO] app.fetcher.playwright_fetcher: 抓取第 1 页的数据
2026-07-31 10:51:08 [INFO] app.fetcher.playwright_fetcher: 抓取第 2 页的数据
2026-07-31 10:51:11 [INFO] app.fetcher.playwright_fetcher: 抓取第 3 页的数据
2026-07-31 10:51:15 [INFO] app.fetcher.playwright_fetcher: 抓取第 4 页的数据
2026-07-31 10:51:19 [INFO] app.fetcher.playwright_fetcher: 抓取第 5 页的数据
2026-07-31 10:51:22 [INFO] app.fetcher.playwright_fetcher: 抓取第 6 页的数据
2026-07-31 10:51:25 [INFO] app.fetcher.playwright_fetcher: 抓取第 7 页的数据
2026-07-31 10:51:35 [INFO] app.fetcher.playwright_fetcher: 开始抓取 6658776 的视频
2026-07-31 10:52:08 [INFO] app.fetcher.playwright_fetcher: 抓取第 1 页的数据
2026-07-31 10:52:11 [INFO] app.fetcher.playwright_fetcher: 抓取第 2 页的数据
2026-07-31 10:52:14 [INFO] app.fetcher.playwright_fetcher: 抓取第 3 页的数据
2026-07-31 10:52:18 [INFO] app.fetcher.playwright_fetcher: 抓取第 4 页的数据
2026-07-31 10:52:21 [INFO] app.fetcher.playwright_fetcher: 抓取第 5 页的数据
2026-07-31 10:52:24 [INFO] app.fetcher.playwright_fetcher: 抓取第 6 页的数据
2026-07-31 10:52:27 [INFO] app.fetcher.playwright_fetcher: 抓取第 7 页的数据
2026-07-31 10:52:30 [INFO] app.fetcher.playwright_fetcher: 抓取第 8 页的数据
2026-07-31 10:52:34 [INFO] app.fetcher.playwright_fetcher: 抓取第 9 页的数据
2026-07-31 10:52:37 [INFO] app.fetcher.playwright_fetcher: 抓取第 10 页的数据
2026-07-31 10:52:41 [INFO] app.fetcher.playwright_fetcher: 抓取第 11 页的数据
2026-07-31 10:52:44 [INFO] app.fetcher.playwright_fetcher: 抓取第 12 页的数据
2026-07-31 10:52:48 [INFO] app.fetcher.playwright_fetcher: 抓取第 13 页的数据
2026-07-31 10:52:51 [INFO] app.fetcher.playwright_fetcher: 抓取第 14 页的数据
2026-07-31 10:52:54 [INFO] app.fetcher.playwright_fetcher: 抓取第 15 页的数据
2026-07-31 11:53:16 [INFO] app.fetcher.playwright_fetcher: 开始抓取 437979218 的视频
2026-07-31 11:53:25 [INFO] app.fetcher.playwright_fetcher: 抓取第 1 页的数据
2026-07-31 11:53:30 [INFO] app.fetcher.playwright_fetcher: 抓取第 2 页的数据
2026-07-31 11:53:33 [INFO] app.fetcher.playwright_fetcher: 抓取第 3 页的数据
2026-07-31 11:53:36 [INFO] app.fetcher.playwright_fetcher: 抓取第 4 页的数据
2026-07-31 11:53:40 [INFO] app.fetcher.playwright_fetcher: 抓取第 5 页的数据
2026-07-31 11:53:44 [INFO] app.fetcher.playwright_fetcher: 抓取第 6 页的数据
2026-07-31 11:53:48 [INFO] app.fetcher.playwright_fetcher: 抓取第 7 页的数据
2026-07-31 11:53:50 [INFO] app.fetcher.playwright_fetcher: 抓取第 8 页的数据
2026-07-31 11:53:53 [INFO] app.fetcher.playwright_fetcher: 抓取第 9 页的数据
2026-07-31 11:53:57 [INFO] app.fetcher.playwright_fetcher: 抓取第 10 页的数据
2026-07-31 11:54:01 [INFO] app.fetcher.playwright_fetcher: 抓取第 11 页的数据
2026-07-31 11:54:05 [INFO] app.fetcher.playwright_fetcher: 抓取第 12 页的数据
2026-07-31 11:54:09 [INFO] app.fetcher.playwright_fetcher: 抓取第 13 页的数据
2026-07-31 11:54:13 [INFO] app.fetcher.playwright_fetcher: 抓取第 14 页的数据
2026-07-31 11:54:16 [INFO] app.fetcher.playwright_fetcher: 抓取第 15 页的数据
2026-07-31 11:54:18 [INFO] app.fetcher.playwright_fetcher: 抓取第 16 页的数据
2026-07-31 11:54:21 [INFO] app.fetcher.playwright_fetcher: 抓取第 17 页的数据
2026-07-31 11:54:24 [INFO] app.fetcher.playwright_fetcher: 抓取第 18 页的数据
2026-07-31 11:54:27 [INFO] app.fetcher.playwright_fetcher: 抓取第 19 页的数据
2026-07-31 11:54:30 [INFO] app.fetcher.playwright_fetcher: 抓取第 20 页的数据
2026-07-31 11:54:33 [INFO] app.fetcher.playwright_fetcher: 抓取第 21 页的数据
2026-07-31 11:54:36 [INFO] app.fetcher.playwright_fetcher: 抓取第 22 页的数据
2026-07-31 11:54:40 [INFO] app.fetcher.playwright_fetcher: 抓取第 23 页的数据
2026-07-31 11:54:43 [INFO] app.fetcher.playwright_fetcher: 抓取第 24 页的数据
2026-07-31 11:54:47 [INFO] app.fetcher.playwright_fetcher: 抓取第 25 页的数据
2026-07-31 11:54:47 [WARNING] app.services.sync_service: 跳过无发布时间的视频 bvid=BV1my3k6aEWt
2026-07-31 11:54:47 [WARNING] app.services.sync_service: 跳过无发布时间的视频 bvid=BV1my3k6aEWt
2026-07-31 11:55:02 [INFO] app.fetcher.playwright_fetcher: 开始抓取 652380147 的视频
2026-07-31 11:55:07 [INFO] app.fetcher.playwright_fetcher: 抓取第 1 页的数据
2026-07-31 11:55:10 [INFO] app.fetcher.playwright_fetcher: 抓取第 2 页的数据
2026-07-31 11:55:12 [INFO] app.fetcher.playwright_fetcher: 抓取第 3 页的数据
2026-07-31 11:55:15 [INFO] app.fetcher.playwright_fetcher: 抓取第 4 页的数据
2026-07-31 11:55:19 [INFO] app.fetcher.playwright_fetcher: 抓取第 5 页的数据
2026-07-31 11:55:22 [INFO] app.fetcher.playwright_fetcher: 抓取第 6 页的数据
2026-07-31 11:55:25 [INFO] app.fetcher.playwright_fetcher: 抓取第 7 页的数据
2026-07-31 11:55:32 [INFO] app.fetcher.playwright_fetcher: 开始抓取 6658776 的视频
2026-07-31 11:56:18 [INFO] app.fetcher.playwright_fetcher: 抓取第 1 页的数据
2026-07-31 11:56:20 [INFO] app.fetcher.playwright_fetcher: 抓取第 2 页的数据
2026-07-31 11:56:23 [INFO] app.fetcher.playwright_fetcher: 抓取第 3 页的数据
2026-07-31 11:56:27 [INFO] app.fetcher.playwright_fetcher: 抓取第 4 页的数据
2026-07-31 11:56:31 [INFO] app.fetcher.playwright_fetcher: 抓取第 5 页的数据
2026-07-31 11:56:35 [INFO] app.fetcher.playwright_fetcher: 抓取第 6 页的数据
2026-07-31 11:56:37 [INFO] app.fetcher.playwright_fetcher: 抓取第 7 页的数据
2026-07-31 11:56:41 [INFO] app.fetcher.playwright_fetcher: 抓取第 8 页的数据
2026-07-31 11:56:44 [INFO] app.fetcher.playwright_fetcher: 抓取第 9 页的数据
2026-07-31 11:56:46 [INFO] app.fetcher.playwright_fetcher: 抓取第 10 页的数据
2026-07-31 11:56:50 [INFO] app.fetcher.playwright_fetcher: 抓取第 11 页的数据
2026-07-31 11:56:53 [INFO] app.fetcher.playwright_fetcher: 抓取第 12 页的数据
2026-07-31 11:56:57 [INFO] app.fetcher.playwright_fetcher: 抓取第 13 页的数据
2026-07-31 11:57:00 [INFO] app.fetcher.playwright_fetcher: 抓取第 14 页的数据
2026-07-31 11:57:02 [INFO] app.fetcher.playwright_fetcher: 抓取第 15 页的数据
2026-07-31 12:57:41 [INFO] app.fetcher.playwright_fetcher: 开始抓取 437979218 的视频
2026-07-31 12:58:23 [INFO] app.fetcher.playwright_fetcher: 抓取第 1 页的数据
2026-07-31 12:58:26 [INFO] app.fetcher.playwright_fetcher: 抓取第 2 页的数据
2026-07-31 12:58:30 [INFO] app.fetcher.playwright_fetcher: 抓取第 3 页的数据
2026-07-31 12:58:34 [INFO] app.fetcher.playwright_fetcher: 抓取第 4 页的数据
2026-07-31 12:58:36 [INFO] app.fetcher.playwright_fetcher: 抓取第 5 页的数据
2026-07-31 12:58:40 [INFO] app.fetcher.playwright_fetcher: 抓取第 6 页的数据
2026-07-31 12:58:43 [INFO] app.fetcher.playwright_fetcher: 抓取第 7 页的数据
2026-07-31 12:58:46 [INFO] app.fetcher.playwright_fetcher: 抓取第 8 页的数据
2026-07-31 12:58:49 [INFO] app.fetcher.playwright_fetcher: 抓取第 9 页的数据
2026-07-31 12:58:51 [INFO] app.fetcher.playwright_fetcher: 抓取第 10 页的数据
2026-07-31 12:58:54 [INFO] app.fetcher.playwright_fetcher: 抓取第 11 页的数据
2026-07-31 12:58:57 [INFO] app.fetcher.playwright_fetcher: 抓取第 12 页的数据
2026-07-31 12:58:59 [INFO] app.fetcher.playwright_fetcher: 抓取第 13 页的数据
2026-07-31 12:59:02 [INFO] app.fetcher.playwright_fetcher: 抓取第 14 页的数据
2026-07-31 12:59:06 [INFO] app.fetcher.playwright_fetcher: 抓取第 15 页的数据
2026-07-31 12:59:10 [INFO] app.fetcher.playwright_fetcher: 抓取第 16 页的数据
2026-07-31 12:59:14 [INFO] app.fetcher.playwright_fetcher: 抓取第 17 页的数据
2026-07-31 12:59:17 [INFO] app.fetcher.playwright_fetcher: 抓取第 18 页的数据
2026-07-31 12:59:20 [INFO] app.fetcher.playwright_fetcher: 抓取第 19 页的数据
2026-07-31 12:59:24 [INFO] app.fetcher.playwright_fetcher: 抓取第 20 页的数据
2026-07-31 12:59:27 [INFO] app.fetcher.playwright_fetcher: 抓取第 21 页的数据
2026-07-31 12:59:29 [INFO] app.fetcher.playwright_fetcher: 抓取第 22 页的数据
2026-07-31 12:59:32 [INFO] app.fetcher.playwright_fetcher: 抓取第 23 页的数据
2026-07-31 12:59:36 [INFO] app.fetcher.playwright_fetcher: 抓取第 24 页的数据
2026-07-31 12:59:39 [INFO] app.fetcher.playwright_fetcher: 抓取第 25 页的数据
2026-07-31 12:59:39 [WARNING] app.services.sync_service: 跳过无发布时间的视频 bvid=BV1my3k6aEWt
2026-07-31 12:59:53 [INFO] app.fetcher.playwright_fetcher: 开始抓取 652380147 的视频
2026-07-31 13:00:23 [INFO] app.fetcher.playwright_fetcher: 抓取第 1 页的数据
2026-07-31 13:00:25 [INFO] app.fetcher.playwright_fetcher: 抓取第 2 页的数据
2026-07-31 13:00:28 [INFO] app.fetcher.playwright_fetcher: 抓取第 3 页的数据
2026-07-31 13:00:32 [INFO] app.fetcher.playwright_fetcher: 抓取第 4 页的数据
2026-07-31 13:00:36 [INFO] app.fetcher.playwright_fetcher: 抓取第 5 页的数据
2026-07-31 13:00:39 [INFO] app.fetcher.playwright_fetcher: 抓取第 6 页的数据
2026-07-31 13:00:43 [INFO] app.fetcher.playwright_fetcher: 抓取第 7 页的数据
2026-07-31 13:00:49 [INFO] app.fetcher.playwright_fetcher: 开始抓取 6658776 的视频
2026-07-31 13:01:04 [INFO] app.fetcher.playwright_fetcher: 抓取第 1 页的数据
2026-07-31 13:01:07 [INFO] app.fetcher.playwright_fetcher: 抓取第 2 页的数据
2026-07-31 13:01:10 [INFO] app.fetcher.playwright_fetcher: 抓取第 3 页的数据
2026-07-31 13:01:13 [INFO] app.fetcher.playwright_fetcher: 抓取第 4 页的数据
2026-07-31 13:01:17 [INFO] app.fetcher.playwright_fetcher: 抓取第 5 页的数据
2026-07-31 13:01:21 [INFO] app.fetcher.playwright_fetcher: 抓取第 6 页的数据
2026-07-31 13:01:23 [INFO] app.fetcher.playwright_fetcher: 抓取第 7 页的数据
2026-07-31 13:01:28 [INFO] app.fetcher.playwright_fetcher: 抓取第 8 页的数据
2026-07-31 13:01:31 [INFO] app.fetcher.playwright_fetcher: 抓取第 9 页的数据
2026-07-31 13:01:35 [INFO] app.fetcher.playwright_fetcher: 抓取第 10 页的数据
2026-07-31 13:01:37 [INFO] app.fetcher.playwright_fetcher: 抓取第 11 页的数据
2026-07-31 13:01:40 [INFO] app.fetcher.playwright_fetcher: 抓取第 12 页的数据
2026-07-31 13:01:44 [INFO] app.fetcher.playwright_fetcher: 抓取第 13 页的数据
2026-07-31 13:01:48 [INFO] app.fetcher.playwright_fetcher: 抓取第 14 页的数据
2026-07-31 13:01:50 [INFO] app.fetcher.playwright_fetcher: 抓取第 15 页的数据
2026-07-31 14:02:03 [INFO] app.fetcher.playwright_fetcher: 开始抓取 437979218 的视频
2026-07-31 14:02:32 [INFO] app.fetcher.playwright_fetcher: 抓取第 1 页的数据
2026-07-31 14:02:36 [INFO] app.fetcher.playwright_fetcher: 抓取第 2 页的数据
2026-07-31 14:02:40 [INFO] app.fetcher.playwright_fetcher: 抓取第 3 页的数据
2026-07-31 14:02:42 [INFO] app.fetcher.playwright_fetcher: 抓取第 4 页的数据
2026-07-31 14:02:46 [INFO] app.fetcher.playwright_fetcher: 抓取第 5 页的数据
2026-07-31 14:02:49 [INFO] app.fetcher.playwright_fetcher: 抓取第 6 页的数据
2026-07-31 14:02:51 [INFO] app.fetcher.playwright_fetcher: 抓取第 7 页的数据
2026-07-31 14:02:54 [INFO] app.fetcher.playwright_fetcher: 抓取第 8 页的数据
2026-07-31 14:02:57 [INFO] app.fetcher.playwright_fetcher: 抓取第 9 页的数据
2026-07-31 14:03:00 [INFO] app.fetcher.playwright_fetcher: 抓取第 10 页的数据
2026-07-31 14:03:03 [INFO] app.fetcher.playwright_fetcher: 抓取第 11 页的数据
2026-07-31 14:03:07 [INFO] app.fetcher.playwright_fetcher: 抓取第 12 页的数据
2026-07-31 14:03:10 [INFO] app.fetcher.playwright_fetcher: 抓取第 13 页的数据
2026-07-31 14:03:13 [INFO] app.fetcher.playwright_fetcher: 抓取第 14 页的数据
2026-07-31 14:03:16 [INFO] app.fetcher.playwright_fetcher: 抓取第 15 页的数据
2026-07-31 14:03:20 [INFO] app.fetcher.playwright_fetcher: 抓取第 16 页的数据
2026-07-31 14:03:25 [INFO] app.fetcher.playwright_fetcher: 抓取第 17 页的数据
2026-07-31 14:03:28 [INFO] app.fetcher.playwright_fetcher: 抓取第 18 页的数据
2026-07-31 14:03:31 [INFO] app.fetcher.playwright_fetcher: 抓取第 19 页的数据
2026-07-31 14:03:35 [INFO] app.fetcher.playwright_fetcher: 抓取第 20 页的数据
2026-07-31 14:03:38 [INFO] app.fetcher.playwright_fetcher: 抓取第 21 页的数据
2026-07-31 14:03:41 [INFO] app.fetcher.playwright_fetcher: 抓取第 22 页的数据
2026-07-31 14:03:44 [INFO] app.fetcher.playwright_fetcher: 抓取第 23 页的数据
2026-07-31 14:03:47 [INFO] app.fetcher.playwright_fetcher: 抓取第 24 页的数据
2026-07-31 14:03:50 [INFO] app.fetcher.playwright_fetcher: 抓取第 25 页的数据
2026-07-31 14:03:51 [WARNING] app.services.sync_service: 跳过无发布时间的视频 bvid=BV1NS3k6FEUw
2026-07-31 14:03:51 [WARNING] app.services.sync_service: 跳过无发布时间的视频 bvid=BV1my3k6aEWt
2026-07-31 14:03:51 [WARNING] app.services.sync_service: 跳过无发布时间的视频 bvid=BV1NS3k6FEUw
2026-07-31 14:03:51 [WARNING] app.services.sync_service: 跳过无发布时间的视频 bvid=BV1my3k6aEWt
2026-07-31 14:03:52 [WARNING] app.services.sync_service: 跳过无发布时间的视频 bvid=BV1NS3k6FEUw
2026-07-31 14:03:52 [WARNING] app.services.sync_service: 跳过无发布时间的视频 bvid=BV1my3k6aEWt
2026-07-31 14:03:52 [WARNING] app.services.sync_service: 跳过无发布时间的视频 bvid=BV1NS3k6FEUw
2026-07-31 14:03:52 [WARNING] app.services.sync_service: 跳过无发布时间的视频 bvid=BV1my3k6aEWt
2026-07-31 14:04:07 [INFO] app.fetcher.playwright_fetcher: 开始抓取 652380147 的视频
2026-07-31 14:04:09 [INFO] app.fetcher.playwright_fetcher: 抓取第 1 页的数据
2026-07-31 14:04:14 [INFO] app.fetcher.playwright_fetcher: 抓取第 2 页的数据
2026-07-31 14:04:17 [INFO] app.fetcher.playwright_fetcher: 抓取第 3 页的数据
2026-07-31 14:04:20 [INFO] app.fetcher.playwright_fetcher: 抓取第 4 页的数据
2026-07-31 14:04:23 [INFO] app.fetcher.playwright_fetcher: 抓取第 5 页的数据
2026-07-31 14:04:26 [INFO] app.fetcher.playwright_fetcher: 抓取第 6 页的数据
2026-07-31 14:04:29 [INFO] app.fetcher.playwright_fetcher: 抓取第 7 页的数据
2026-07-31 14:04:36 [INFO] app.fetcher.playwright_fetcher: 开始抓取 6658776 的视频
2026-07-31 14:05:17 [INFO] app.fetcher.playwright_fetcher: 抓取第 1 页的数据
2026-07-31 14:05:20 [INFO] app.fetcher.playwright_fetcher: 抓取第 2 页的数据
2026-07-31 14:05:23 [INFO] app.fetcher.playwright_fetcher: 抓取第 3 页的数据
2026-07-31 14:05:27 [INFO] app.fetcher.playwright_fetcher: 抓取第 4 页的数据
2026-07-31 14:05:31 [INFO] app.fetcher.playwright_fetcher: 抓取第 5 页的数据
2026-07-31 14:05:34 [INFO] app.fetcher.playwright_fetcher: 抓取第 6 页的数据
2026-07-31 14:05:38 [INFO] app.fetcher.playwright_fetcher: 抓取第 7 页的数据
2026-07-31 14:05:41 [INFO] app.fetcher.playwright_fetcher: 抓取第 8 页的数据
2026-07-31 14:05:44 [INFO] app.fetcher.playwright_fetcher: 抓取第 9 页的数据
2026-07-31 14:05:47 [INFO] app.fetcher.playwright_fetcher: 抓取第 10 页的数据
2026-07-31 14:05:51 [INFO] app.fetcher.playwright_fetcher: 抓取第 11 页的数据
2026-07-31 14:05:54 [INFO] app.fetcher.playwright_fetcher: 抓取第 12 页的数据
2026-07-31 14:05:57 [INFO] app.fetcher.playwright_fetcher: 抓取第 13 页的数据
2026-07-31 14:06:01 [INFO] app.fetcher.playwright_fetcher: 抓取第 14 页的数据
2026-07-31 14:06:03 [INFO] app.fetcher.playwright_fetcher: 抓取第 15 页的数据
2026-07-31 15:06:44 [INFO] app.fetcher.playwright_fetcher: 开始抓取 437979218 的视频
2026-07-31 15:07:40 [INFO] app.fetcher.playwright_fetcher: 抓取第 1 页的数据
2026-07-31 15:07:43 [INFO] app.fetcher.playwright_fetcher: 抓取第 2 页的数据
2026-07-31 15:07:47 [INFO] app.fetcher.playwright_fetcher: 抓取第 3 页的数据
2026-07-31 15:07:50 [INFO] app.fetcher.playwright_fetcher: 抓取第 4 页的数据
2026-07-31 15:07:53 [INFO] app.fetcher.playwright_fetcher: 抓取第 5 页的数据
2026-07-31 15:07:57 [INFO] app.fetcher.playwright_fetcher: 抓取第 6 页的数据
2026-07-31 15:08:01 [INFO] app.fetcher.playwright_fetcher: 抓取第 7 页的数据
2026-07-31 15:08:04 [INFO] app.fetcher.playwright_fetcher: 抓取第 8 页的数据
2026-07-31 15:08:07 [INFO] app.fetcher.playwright_fetcher: 抓取第 9 页的数据
2026-07-31 15:08:11 [INFO] app.fetcher.playwright_fetcher: 抓取第 10 页的数据
2026-07-31 15:08:15 [INFO] app.fetcher.playwright_fetcher: 抓取第 11 页的数据
2026-07-31 15:08:18 [INFO] app.fetcher.playwright_fetcher: 抓取第 12 页的数据
2026-07-31 15:08:22 [INFO] app.fetcher.playwright_fetcher: 抓取第 13 页的数据
2026-07-31 15:08:24 [INFO] app.fetcher.playwright_fetcher: 抓取第 14 页的数据
2026-07-31 15:08:27 [INFO] app.fetcher.playwright_fetcher: 抓取第 15 页的数据
2026-07-31 15:08:32 [INFO] app.fetcher.playwright_fetcher: 抓取第 16 页的数据
2026-07-31 15:08:35 [INFO] app.fetcher.playwright_fetcher: 抓取第 17 页的数据
2026-07-31 15:08:39 [INFO] app.fetcher.playwright_fetcher: 抓取第 18 页的数据
2026-07-31 15:08:43 [INFO] app.fetcher.playwright_fetcher: 抓取第 19 页的数据
2026-07-31 15:08:46 [INFO] app.fetcher.playwright_fetcher: 抓取第 20 页的数据
2026-07-31 15:08:48 [INFO] app.fetcher.playwright_fetcher: 抓取第 21 页的数据
2026-07-31 15:08:51 [INFO] app.fetcher.playwright_fetcher: 抓取第 22 页的数据
2026-07-31 15:08:54 [INFO] app.fetcher.playwright_fetcher: 抓取第 23 页的数据
2026-07-31 15:08:58 [INFO] app.fetcher.playwright_fetcher: 抓取第 24 页的数据
2026-07-31 15:09:01 [INFO] app.fetcher.playwright_fetcher: 抓取第 25 页的数据
2026-07-31 15:09:02 [WARNING] app.services.sync_service: 跳过无发布时间的视频 bvid=BV1NS3k6FEUw
2026-07-31 15:09:02 [WARNING] app.services.sync_service: 跳过无发布时间的视频 bvid=BV1my3k6aEWt
2026-07-31 15:09:02 [WARNING] app.services.sync_service: 跳过无发布时间的视频 bvid=BV1NS3k6FEUw
2026-07-31 15:09:02 [WARNING] app.services.sync_service: 跳过无发布时间的视频 bvid=BV1my3k6aEWt
2026-07-31 15:09:20 [INFO] app.fetcher.playwright_fetcher: 开始抓取 652380147 的视频
2026-07-31 15:09:23 [INFO] app.fetcher.playwright_fetcher: 抓取第 1 页的数据
2026-07-31 15:09:25 [INFO] app.fetcher.playwright_fetcher: 抓取第 2 页的数据
2026-07-31 15:09:29 [INFO] app.fetcher.playwright_fetcher: 抓取第 3 页的数据
2026-07-31 15:09:32 [INFO] app.fetcher.playwright_fetcher: 抓取第 4 页的数据
2026-07-31 15:09:35 [INFO] app.fetcher.playwright_fetcher: 抓取第 5 页的数据
2026-07-31 15:09:40 [INFO] app.fetcher.playwright_fetcher: 抓取第 6 页的数据
2026-07-31 15:09:43 [INFO] app.fetcher.playwright_fetcher: 抓取第 7 页的数据
2026-07-31 15:09:51 [INFO] app.fetcher.playwright_fetcher: 开始抓取 6658776 的视频
2026-07-31 15:09:54 [INFO] app.fetcher.playwright_fetcher: 抓取第 1 页的数据
2026-07-31 15:09:58 [INFO] app.fetcher.playwright_fetcher: 抓取第 2 页的数据
2026-07-31 15:10:01 [INFO] app.fetcher.playwright_fetcher: 抓取第 3 页的数据
2026-07-31 15:10:04 [INFO] app.fetcher.playwright_fetcher: 抓取第 4 页的数据
2026-07-31 15:10:08 [INFO] app.fetcher.playwright_fetcher: 抓取第 5 页的数据
2026-07-31 15:10:11 [INFO] app.fetcher.playwright_fetcher: 抓取第 6 页的数据
2026-07-31 15:10:15 [INFO] app.fetcher.playwright_fetcher: 抓取第 7 页的数据
2026-07-31 15:10:18 [INFO] app.fetcher.playwright_fetcher: 抓取第 8 页的数据
2026-07-31 15:10:20 [INFO] app.fetcher.playwright_fetcher: 抓取第 9 页的数据
2026-07-31 15:10:23 [INFO] app.fetcher.playwright_fetcher: 抓取第 10 页的数据
2026-07-31 15:10:27 [INFO] app.fetcher.playwright_fetcher: 抓取第 11 页的数据
2026-07-31 15:10:30 [INFO] app.fetcher.playwright_fetcher: 抓取第 12 页的数据
2026-07-31 15:10:33 [INFO] app.fetcher.playwright_fetcher: 抓取第 13 页的数据
2026-07-31 15:10:36 [INFO] app.fetcher.playwright_fetcher: 抓取第 14 页的数据
2026-07-31 15:10:40 [INFO] app.fetcher.playwright_fetcher: 抓取第 15 页的数据
2026-07-31 16:12:16 [INFO] app.fetcher.playwright_fetcher: 开始抓取 437979218 的视频
2026-07-31 16:13:23 [INFO] app.fetcher.playwright_fetcher: 开始抓取 652380147 的视频
2026-07-31 16:13:26 [INFO] app.fetcher.playwright_fetcher: 抓取第 1 页的数据
2026-07-31 16:13:30 [INFO] app.fetcher.playwright_fetcher: 抓取第 2 页的数据
2026-07-31 16:13:33 [INFO] app.fetcher.playwright_fetcher: 抓取第 3 页的数据
2026-07-31 16:13:37 [INFO] app.fetcher.playwright_fetcher: 抓取第 4 页的数据
2026-07-31 16:13:41 [INFO] app.fetcher.playwright_fetcher: 抓取第 5 页的数据
2026-07-31 16:13:43 [INFO] app.fetcher.playwright_fetcher: 抓取第 6 页的数据
2026-07-31 16:13:46 [INFO] app.fetcher.playwright_fetcher: 抓取第 7 页的数据
2026-07-31 16:13:53 [INFO] app.fetcher.playwright_fetcher: 开始抓取 6658776 的视频
2026-07-31 16:13:56 [INFO] app.fetcher.playwright_fetcher: 抓取第 1 页的数据
2026-07-31 16:13:59 [INFO] app.fetcher.playwright_fetcher: 抓取第 2 页的数据
2026-07-31 16:14:03 [INFO] app.fetcher.playwright_fetcher: 抓取第 3 页的数据
2026-07-31 16:14:08 [INFO] app.fetcher.playwright_fetcher: 抓取第 4 页的数据
2026-07-31 16:14:11 [INFO] app.fetcher.playwright_fetcher: 抓取第 5 页的数据
2026-07-31 16:14:13 [INFO] app.fetcher.playwright_fetcher: 抓取第 6 页的数据
2026-07-31 16:14:17 [INFO] app.fetcher.playwright_fetcher: 抓取第 7 页的数据
2026-07-31 16:14:20 [INFO] app.fetcher.playwright_fetcher: 抓取第 8 页的数据
2026-07-31 16:14:23 [INFO] app.fetcher.playwright_fetcher: 抓取第 9 页的数据
2026-07-31 16:14:26 [INFO] app.fetcher.playwright_fetcher: 抓取第 10 页的数据
2026-07-31 16:14:29 [INFO] app.fetcher.playwright_fetcher: 抓取第 11 页的数据
2026-07-31 16:14:32 [INFO] app.fetcher.playwright_fetcher: 抓取第 12 页的数据
2026-07-31 16:14:36 [INFO] app.fetcher.playwright_fetcher: 抓取第 13 页的数据
2026-07-31 16:14:38 [INFO] app.fetcher.playwright_fetcher: 抓取第 14 页的数据
2026-07-31 16:14:43 [INFO] app.fetcher.playwright_fetcher: 抓取第 15 页的数据
2026-07-31 17:14:57 [INFO] app.fetcher.playwright_fetcher: 开始抓取 437979218 的视频
2026-07-31 17:15:01 [INFO] app.fetcher.playwright_fetcher: 抓取第 1 页的数据
2026-07-31 17:15:04 [INFO] app.fetcher.playwright_fetcher: 抓取第 2 页的数据
2026-07-31 17:15:08 [INFO] app.fetcher.playwright_fetcher: 抓取第 3 页的数据
2026-07-31 17:15:11 [INFO] app.fetcher.playwright_fetcher: 抓取第 4 页的数据
2026-07-31 17:15:16 [INFO] app.fetcher.playwright_fetcher: 抓取第 5 页的数据
2026-07-31 17:15:18 [INFO] app.fetcher.playwright_fetcher: 抓取第 6 页的数据
2026-07-31 17:15:22 [INFO] app.fetcher.playwright_fetcher: 抓取第 7 页的数据
2026-07-31 17:15:25 [INFO] app.fetcher.playwright_fetcher: 抓取第 8 页的数据
2026-07-31 17:15:28 [INFO] app.fetcher.playwright_fetcher: 抓取第 9 页的数据
2026-07-31 17:15:32 [INFO] app.fetcher.playwright_fetcher: 抓取第 10 页的数据
2026-07-31 17:15:36 [INFO] app.fetcher.playwright_fetcher: 抓取第 11 页的数据
2026-07-31 17:15:40 [INFO] app.fetcher.playwright_fetcher: 抓取第 12 页的数据
2026-07-31 17:15:43 [INFO] app.fetcher.playwright_fetcher: 抓取第 13 页的数据
2026-07-31 17:15:48 [INFO] app.fetcher.playwright_fetcher: 抓取第 14 页的数据
2026-07-31 17:15:51 [INFO] app.fetcher.playwright_fetcher: 抓取第 15 页的数据
2026-07-31 17:15:54 [INFO] app.fetcher.playwright_fetcher: 抓取第 16 页的数据
2026-07-31 17:15:57 [INFO] app.fetcher.playwright_fetcher: 抓取第 17 页的数据
2026-07-31 17:16:00 [INFO] app.fetcher.playwright_fetcher: 抓取第 18 页的数据
2026-07-31 17:16:03 [INFO] app.fetcher.playwright_fetcher: 抓取第 19 页的数据
2026-07-31 17:16:07 [INFO] app.fetcher.playwright_fetcher: 抓取第 20 页的数据
2026-07-31 17:16:09 [INFO] app.fetcher.playwright_fetcher: 抓取第 21 页的数据
2026-07-31 17:16:13 [INFO] app.fetcher.playwright_fetcher: 抓取第 22 页的数据
2026-07-31 17:16:16 [INFO] app.fetcher.playwright_fetcher: 抓取第 23 页的数据
2026-07-31 17:16:20 [INFO] app.fetcher.playwright_fetcher: 抓取第 24 页的数据
2026-07-31 17:16:24 [INFO] app.fetcher.playwright_fetcher: 抓取第 25 页的数据
2026-07-31 17:16:24 [WARNING] app.services.sync_service: 跳过无发布时间的视频 bvid=BV1NS3k6FEUw
2026-07-31 17:16:24 [WARNING] app.services.sync_service: 跳过无发布时间的视频 bvid=BV1my3k6aEWt
2026-07-31 17:16:25 [WARNING] app.services.sync_service: 跳过无发布时间的视频 bvid=BV1NS3k6FEUw
2026-07-31 17:16:25 [WARNING] app.services.sync_service: 跳过无发布时间的视频 bvid=BV1my3k6aEWt
2026-07-31 17:16:25 [WARNING] app.services.sync_service: 跳过无发布时间的视频 bvid=BV1NS3k6FEUw
2026-07-31 17:16:25 [WARNING] app.services.sync_service: 跳过无发布时间的视频 bvid=BV1my3k6aEWt
2026-07-31 17:16:26 [WARNING] app.services.sync_service: 跳过无发布时间的视频 bvid=BV1NS3k6FEUw
2026-07-31 17:16:26 [WARNING] app.services.sync_service: 跳过无发布时间的视频 bvid=BV1my3k6aEWt
2026-07-31 17:16:41 [INFO] app.fetcher.playwright_fetcher: 开始抓取 652380147 的视频
2026-07-31 17:16:44 [INFO] app.fetcher.playwright_fetcher: 抓取第 1 页的数据
2026-07-31 17:16:46 [INFO] app.fetcher.playwright_fetcher: 抓取第 2 页的数据
2026-07-31 17:16:49 [INFO] app.fetcher.playwright_fetcher: 抓取第 3 页的数据
2026-07-31 17:16:53 [INFO] app.fetcher.playwright_fetcher: 抓取第 4 页的数据
2026-07-31 17:16:56 [INFO] app.fetcher.playwright_fetcher: 抓取第 5 页的数据
2026-07-31 17:17:00 [INFO] app.fetcher.playwright_fetcher: 抓取第 6 页的数据
2026-07-31 17:17:02 [INFO] app.fetcher.playwright_fetcher: 抓取第 7 页的数据
2026-07-31 17:17:10 [INFO] app.fetcher.playwright_fetcher: 开始抓取 6658776 的视频
2026-07-31 17:17:38 [INFO] app.fetcher.playwright_fetcher: 抓取第 1 页的数据
2026-07-31 17:17:42 [INFO] app.fetcher.playwright_fetcher: 抓取第 2 页的数据
2026-07-31 17:17:45 [INFO] app.fetcher.playwright_fetcher: 抓取第 3 页的数据
2026-07-31 17:17:49 [INFO] app.fetcher.playwright_fetcher: 抓取第 4 页的数据
2026-07-31 17:17:53 [INFO] app.fetcher.playwright_fetcher: 抓取第 5 页的数据
2026-07-31 17:17:56 [INFO] app.fetcher.playwright_fetcher: 抓取第 6 页的数据
2026-07-31 17:17:58 [INFO] app.fetcher.playwright_fetcher: 抓取第 7 页的数据
2026-07-31 17:18:01 [INFO] app.fetcher.playwright_fetcher: 抓取第 8 页的数据
2026-07-31 17:18:04 [INFO] app.fetcher.playwright_fetcher: 抓取第 9 页的数据
2026-07-31 17:18:07 [INFO] app.fetcher.playwright_fetcher: 抓取第 10 页的数据
2026-07-31 17:18:10 [INFO] app.fetcher.playwright_fetcher: 抓取第 11 页的数据
2026-07-31 17:18:14 [INFO] app.fetcher.playwright_fetcher: 抓取第 12 页的数据
2026-07-31 17:18:16 [INFO] app.fetcher.playwright_fetcher: 抓取第 13 页的数据
2026-07-31 17:18:20 [INFO] app.fetcher.playwright_fetcher: 抓取第 14 页的数据
2026-07-31 17:18:24 [INFO] app.fetcher.playwright_fetcher: 抓取第 15 页的数据
2026-07-31 21:16:33 [INFO] app.fetcher.playwright_fetcher: 开始抓取 437979218 的视频
2026-07-31 22:17:31 [INFO] app.fetcher.playwright_fetcher: 抓取第 1 页的数据
2026-07-31 22:17:35 [INFO] app.fetcher.playwright_fetcher: 抓取第 2 页的数据
2026-07-31 22:17:39 [INFO] app.fetcher.playwright_fetcher: 抓取第 3 页的数据
2026-07-31 22:32:55 [INFO] app.fetcher.playwright_fetcher: 抓取第 4 页的数据
2026-07-31 22:32:58 [INFO] app.fetcher.playwright_fetcher: 抓取第 5 页的数据
2026-07-31 22:50:53 [INFO] app.fetcher.playwright_fetcher: 抓取第 6 页的数据
2026-07-31 23:06:27 [INFO] app.fetcher.playwright_fetcher: 抓取第 7 页的数据
2026-07-31 23:06:31 [INFO] app.fetcher.playwright_fetcher: 抓取第 8 页的数据
2026-07-31 23:18:33 [INFO] app.fetcher.playwright_fetcher: 抓取第 9 页的数据
2026-07-31 23:18:36 [INFO] app.fetcher.playwright_fetcher: 抓取第 10 页的数据
2026-07-31 23:18:40 [INFO] app.fetcher.playwright_fetcher: 抓取第 11 页的数据
2026-07-31 23:35:37 [INFO] app.fetcher.playwright_fetcher: 抓取第 12 页的数据
2026-07-31 23:50:49 [INFO] app.fetcher.playwright_fetcher: 抓取第 13 页的数据
2026-07-31 23:50:52 [INFO] app.fetcher.playwright_fetcher: 抓取第 14 页的数据
2026-08-01 00:06:21 [INFO] app.fetcher.playwright_fetcher: 抓取第 15 页的数据
2026-08-01 00:15:36 [INFO] app.fetcher.playwright_fetcher: 抓取第 16 页的数据
2026-08-01 00:15:41 [INFO] app.fetcher.playwright_fetcher: 抓取第 17 页的数据
2026-08-01 00:15:45 [INFO] app.fetcher.playwright_fetcher: 抓取第 18 页的数据
2026-08-01 00:15:49 [INFO] app.fetcher.playwright_fetcher: 抓取第 19 页的数据
2026-08-01 00:15:52 [INFO] app.fetcher.playwright_fetcher: 抓取第 20 页的数据
2026-08-01 00:15:55 [INFO] app.fetcher.playwright_fetcher: 抓取第 21 页的数据
2026-08-01 00:15:58 [INFO] app.fetcher.playwright_fetcher: 抓取第 22 页的数据
2026-08-01 00:16:01 [INFO] app.fetcher.playwright_fetcher: 抓取第 23 页的数据
2026-08-01 00:16:05 [INFO] app.fetcher.playwright_fetcher: 抓取第 24 页的数据
2026-08-01 00:16:07 [INFO] app.fetcher.playwright_fetcher: 抓取第 25 页的数据
2026-08-01 00:16:08 [WARNING] app.services.sync_service: 跳过无发布时间的视频 bvid=BV11U3k6fEJW
2026-08-01 00:16:08 [WARNING] app.services.sync_service: 跳过无发布时间的视频 bvid=BV1NS3k6FEUw
2026-08-01 00:16:08 [WARNING] app.services.sync_service: 跳过无发布时间的视频 bvid=BV1my3k6aEWt
2026-08-01 00:16:26 [INFO] app.fetcher.playwright_fetcher: 开始抓取 652380147 的视频
2026-08-01 00:16:43 [INFO] app.fetcher.playwright_fetcher: 抓取第 1 页的数据
2026-08-01 00:16:45 [INFO] app.fetcher.playwright_fetcher: 抓取第 2 页的数据
2026-08-01 00:17:20 [INFO] app.fetcher.playwright_fetcher: 开始抓取 6658776 的视频
2026-08-01 00:17:23 [INFO] app.fetcher.playwright_fetcher: 抓取第 1 页的数据
2026-08-01 00:17:26 [INFO] app.fetcher.playwright_fetcher: 抓取第 2 页的数据
2026-08-01 00:17:31 [INFO] app.fetcher.playwright_fetcher: 抓取第 3 页的数据
2026-08-01 00:17:35 [INFO] app.fetcher.playwright_fetcher: 抓取第 4 页的数据
2026-08-01 00:17:38 [INFO] app.fetcher.playwright_fetcher: 抓取第 5 页的数据
2026-08-01 00:17:41 [INFO] app.fetcher.playwright_fetcher: 抓取第 6 页的数据
2026-08-01 00:17:44 [INFO] app.fetcher.playwright_fetcher: 抓取第 7 页的数据
2026-08-01 00:17:48 [INFO] app.fetcher.playwright_fetcher: 抓取第 8 页的数据
2026-08-01 00:17:52 [INFO] app.fetcher.playwright_fetcher: 抓取第 9 页的数据
2026-08-01 00:17:55 [INFO] app.fetcher.playwright_fetcher: 抓取第 10 页的数据
2026-08-01 00:17:58 [INFO] app.fetcher.playwright_fetcher: 抓取第 11 页的数据
2026-08-01 00:18:01 [INFO] app.fetcher.playwright_fetcher: 抓取第 12 页的数据
2026-08-01 00:18:03 [INFO] app.fetcher.playwright_fetcher: 抓取第 13 页的数据
2026-08-01 00:18:07 [INFO] app.fetcher.playwright_fetcher: 抓取第 14 页的数据
2026-08-01 00:18:10 [INFO] app.fetcher.playwright_fetcher: 抓取第 15 页的数据
2026-08-03 10:55:52 [INFO] app.fetcher.playwright_fetcher: 开始抓取 437979218 的视频
2026-08-03 10:56:21 [INFO] app.fetcher.playwright_fetcher: 抓取第 1 页的数据
2026-08-03 10:56:24 [INFO] app.fetcher.playwright_fetcher: 抓取第 2 页的数据
2026-08-03 10:56:28 [INFO] app.fetcher.playwright_fetcher: 抓取第 3 页的数据
2026-08-03 10:56:31 [INFO] app.fetcher.playwright_fetcher: 抓取第 4 页的数据
2026-08-03 10:56:35 [INFO] app.fetcher.playwright_fetcher: 抓取第 5 页的数据
2026-08-03 10:56:37 [INFO] app.fetcher.playwright_fetcher: 抓取第 6 页的数据
2026-08-03 10:56:40 [INFO] app.fetcher.playwright_fetcher: 抓取第 7 页的数据
2026-08-03 10:56:44 [INFO] app.fetcher.playwright_fetcher: 抓取第 8 页的数据
2026-08-03 10:56:47 [INFO] app.fetcher.playwright_fetcher: 抓取第 9 页的数据
2026-08-03 10:56:50 [INFO] app.fetcher.playwright_fetcher: 抓取第 10 页的数据
2026-08-03 10:56:53 [INFO] app.fetcher.playwright_fetcher: 抓取第 11 页的数据
2026-08-03 10:56:57 [INFO] app.fetcher.playwright_fetcher: 抓取第 12 页的数据
2026-08-03 10:57:01 [INFO] app.fetcher.playwright_fetcher: 抓取第 13 页的数据
2026-08-03 10:57:05 [INFO] app.fetcher.playwright_fetcher: 抓取第 14 页的数据
2026-08-03 10:57:07 [INFO] app.fetcher.playwright_fetcher: 抓取第 15 页的数据
2026-08-03 10:57:10 [INFO] app.fetcher.playwright_fetcher: 抓取第 16 页的数据
2026-08-03 10:57:13 [INFO] app.fetcher.playwright_fetcher: 抓取第 17 页的数据
2026-08-03 10:57:17 [INFO] app.fetcher.playwright_fetcher: 抓取第 18 页的数据
2026-08-03 10:57:19 [INFO] app.fetcher.playwright_fetcher: 抓取第 19 页的数据
2026-08-03 10:57:23 [INFO] app.fetcher.playwright_fetcher: 抓取第 20 页的数据
2026-08-03 10:57:26 [INFO] app.fetcher.playwright_fetcher: 抓取第 21 页的数据
2026-08-03 10:57:30 [INFO] app.fetcher.playwright_fetcher: 抓取第 22 页的数据
2026-08-03 10:57:33 [INFO] app.fetcher.playwright_fetcher: 抓取第 23 页的数据
2026-08-03 10:57:38 [INFO] app.fetcher.playwright_fetcher: 抓取第 24 页的数据
2026-08-03 10:57:40 [INFO] app.fetcher.playwright_fetcher: 抓取第 25 页的数据
2026-08-03 10:57:41 [WARNING] app.services.sync_service: 跳过无发布时间的视频 bvid=BV1vd3p6WEsD
2026-08-03 10:57:41 [WARNING] app.services.sync_service: 跳过无发布时间的视频 bvid=BV1vd3p6WEsD
2026-08-03 10:57:42 [WARNING] app.services.sync_service: 跳过无发布时间的视频 bvid=BV1vd3p6WEsD
2026-08-03 10:57:42 [WARNING] app.services.sync_service: 跳过无发布时间的视频 bvid=BV1vd3p6WEsD
2026-08-03 10:57:43 [WARNING] app.services.sync_service: 跳过无发布时间的视频 bvid=BV1vd3p6WEsD
2026-08-03 10:57:58 [INFO] app.fetcher.playwright_fetcher: 开始抓取 652380147 的视频
2026-08-03 10:58:01 [INFO] app.fetcher.playwright_fetcher: 抓取第 1 页的数据
2026-08-03 10:58:04 [INFO] app.fetcher.playwright_fetcher: 抓取第 2 页的数据
2026-08-03 10:58:08 [INFO] app.fetcher.playwright_fetcher: 抓取第 3 页的数据
2026-08-03 10:58:12 [INFO] app.fetcher.playwright_fetcher: 抓取第 4 页的数据
2026-08-03 10:58:16 [INFO] app.fetcher.playwright_fetcher: 抓取第 5 页的数据
2026-08-03 10:58:19 [INFO] app.fetcher.playwright_fetcher: 抓取第 6 页的数据
2026-08-03 10:58:23 [INFO] app.fetcher.playwright_fetcher: 抓取第 7 页的数据
2026-08-03 10:58:31 [INFO] app.fetcher.playwright_fetcher: 开始抓取 6658776 的视频
2026-08-03 10:58:48 [INFO] app.fetcher.playwright_fetcher: 抓取第 1 页的数据
2026-08-03 10:58:51 [INFO] app.fetcher.playwright_fetcher: 抓取第 2 页的数据
2026-08-03 10:58:54 [INFO] app.fetcher.playwright_fetcher: 抓取第 3 页的数据
2026-08-03 10:58:59 [INFO] app.fetcher.playwright_fetcher: 抓取第 4 页的数据
2026-08-03 10:59:03 [INFO] app.fetcher.playwright_fetcher: 抓取第 5 页的数据
2026-08-03 10:59:06 [INFO] app.fetcher.playwright_fetcher: 抓取第 6 页的数据
2026-08-03 10:59:08 [INFO] app.fetcher.playwright_fetcher: 抓取第 7 页的数据
2026-08-03 10:59:11 [INFO] app.fetcher.playwright_fetcher: 抓取第 8 页的数据
2026-08-03 10:59:14 [INFO] app.fetcher.playwright_fetcher: 抓取第 9 页的数据
2026-08-03 10:59:17 [INFO] app.fetcher.playwright_fetcher: 抓取第 10 页的数据
2026-08-03 10:59:20 [INFO] app.fetcher.playwright_fetcher: 抓取第 11 页的数据
2026-08-03 10:59:22 [INFO] app.fetcher.playwright_fetcher: 抓取第 12 页的数据
2026-08-03 10:59:26 [INFO] app.fetcher.playwright_fetcher: 抓取第 13 页的数据
2026-08-03 10:59:30 [INFO] app.fetcher.playwright_fetcher: 抓取第 14 页的数据
2026-08-03 10:59:33 [INFO] app.fetcher.playwright_fetcher: 抓取第 15 页的数据
2026-08-03 11:59:44 [INFO] app.fetcher.playwright_fetcher: 开始抓取 437979218 的视频
2026-08-03 11:59:48 [INFO] app.fetcher.playwright_fetcher: 抓取第 1 页的数据
2026-08-03 11:59:52 [INFO] app.fetcher.playwright_fetcher: 抓取第 2 页的数据
2026-08-03 11:59:57 [INFO] app.fetcher.playwright_fetcher: 抓取第 3 页的数据
2026-08-03 12:00:00 [INFO] app.fetcher.playwright_fetcher: 抓取第 4 页的数据
2026-08-03 12:00:03 [INFO] app.fetcher.playwright_fetcher: 抓取第 5 页的数据
2026-08-03 12:00:07 [INFO] app.fetcher.playwright_fetcher: 抓取第 6 页的数据
2026-08-03 12:00:11 [INFO] app.fetcher.playwright_fetcher: 抓取第 7 页的数据
2026-08-03 12:00:15 [INFO] app.fetcher.playwright_fetcher: 抓取第 8 页的数据
2026-08-03 12:00:19 [INFO] app.fetcher.playwright_fetcher: 抓取第 9 页的数据
2026-08-03 12:00:22 [INFO] app.fetcher.playwright_fetcher: 抓取第 10 页的数据
2026-08-03 12:00:25 [INFO] app.fetcher.playwright_fetcher: 抓取第 11 页的数据
2026-08-03 12:00:29 [INFO] app.fetcher.playwright_fetcher: 抓取第 12 页的数据
2026-08-03 12:00:32 [INFO] app.fetcher.playwright_fetcher: 抓取第 13 页的数据
2026-08-03 12:00:35 [INFO] app.fetcher.playwright_fetcher: 抓取第 14 页的数据
2026-08-03 12:00:38 [INFO] app.fetcher.playwright_fetcher: 抓取第 15 页的数据
2026-08-03 12:00:42 [INFO] app.fetcher.playwright_fetcher: 抓取第 16 页的数据
2026-08-03 12:00:44 [INFO] app.fetcher.playwright_fetcher: 抓取第 17 页的数据
2026-08-03 12:00:48 [INFO] app.fetcher.playwright_fetcher: 抓取第 18 页的数据
2026-08-03 12:00:51 [INFO] app.fetcher.playwright_fetcher: 抓取第 19 页的数据
2026-08-03 12:00:54 [INFO] app.fetcher.playwright_fetcher: 抓取第 20 页的数据
2026-08-03 12:00:58 [INFO] app.fetcher.playwright_fetcher: 抓取第 21 页的数据
2026-08-03 12:01:02 [INFO] app.fetcher.playwright_fetcher: 抓取第 22 页的数据
2026-08-03 12:01:06 [INFO] app.fetcher.playwright_fetcher: 抓取第 23 页的数据
2026-08-03 12:01:08 [INFO] app.fetcher.playwright_fetcher: 抓取第 24 页的数据
2026-08-03 12:01:13 [INFO] app.fetcher.playwright_fetcher: 抓取第 25 页的数据
2026-08-03 12:01:13 [WARNING] app.services.sync_service: 跳过无发布时间的视频 bvid=BV1vd3p6WEsD
2026-08-03 12:01:32 [INFO] app.fetcher.playwright_fetcher: 开始抓取 652380147 的视频
2026-08-03 12:01:35 [INFO] app.fetcher.playwright_fetcher: 抓取第 1 页的数据
2026-08-03 12:01:37 [INFO] app.fetcher.playwright_fetcher: 抓取第 2 页的数据
2026-08-03 12:01:42 [INFO] app.fetcher.playwright_fetcher: 抓取第 3 页的数据
2026-08-03 12:01:46 [INFO] app.fetcher.playwright_fetcher: 抓取第 4 页的数据
2026-08-03 12:01:49 [INFO] app.fetcher.playwright_fetcher: 抓取第 5 页的数据
2026-08-03 12:01:52 [INFO] app.fetcher.playwright_fetcher: 抓取第 6 页的数据
2026-08-03 12:01:55 [INFO] app.fetcher.playwright_fetcher: 抓取第 7 页的数据
2026-08-03 12:02:03 [INFO] app.fetcher.playwright_fetcher: 开始抓取 6658776 的视频
2026-08-03 12:02:19 [INFO] app.fetcher.playwright_fetcher: 抓取第 1 页的数据
2026-08-03 12:02:21 [INFO] app.fetcher.playwright_fetcher: 抓取第 2 页的数据
2026-08-03 12:02:26 [INFO] app.fetcher.playwright_fetcher: 抓取第 3 页的数据
2026-08-03 12:02:28 [INFO] app.fetcher.playwright_fetcher: 抓取第 4 页的数据
2026-08-03 12:02:31 [INFO] app.fetcher.playwright_fetcher: 抓取第 5 页的数据
2026-08-03 12:02:35 [INFO] app.fetcher.playwright_fetcher: 抓取第 6 页的数据
2026-08-03 12:02:39 [INFO] app.fetcher.playwright_fetcher: 抓取第 7 页的数据
2026-08-03 12:02:43 [INFO] app.fetcher.playwright_fetcher: 抓取第 8 页的数据
2026-08-03 12:02:46 [INFO] app.fetcher.playwright_fetcher: 抓取第 9 页的数据
2026-08-03 12:02:50 [INFO] app.fetcher.playwright_fetcher: 抓取第 10 页的数据
2026-08-03 12:02:54 [INFO] app.fetcher.playwright_fetcher: 抓取第 11 页的数据
2026-08-03 12:02:57 [INFO] app.fetcher.playwright_fetcher: 抓取第 12 页的数据
2026-08-03 12:03:01 [INFO] app.fetcher.playwright_fetcher: 抓取第 13 页的数据
2026-08-03 12:03:05 [INFO] app.fetcher.playwright_fetcher: 抓取第 14 页的数据
2026-08-03 12:03:08 [INFO] app.fetcher.playwright_fetcher: 抓取第 15 页的数据
2026-08-03 13:03:23 [INFO] app.fetcher.playwright_fetcher: 开始抓取 437979218 的视频
2026-08-03 13:03:27 [INFO] app.fetcher.playwright_fetcher: 抓取第 1 页的数据
2026-08-03 13:03:30 [INFO] app.fetcher.playwright_fetcher: 抓取第 2 页的数据
2026-08-03 13:03:34 [INFO] app.fetcher.playwright_fetcher: 抓取第 3 页的数据
2026-08-03 13:03:38 [INFO] app.fetcher.playwright_fetcher: 抓取第 4 页的数据
2026-08-03 13:03:40 [INFO] app.fetcher.playwright_fetcher: 抓取第 5 页的数据
2026-08-03 13:03:44 [INFO] app.fetcher.playwright_fetcher: 抓取第 6 页的数据
2026-08-03 13:03:48 [INFO] app.fetcher.playwright_fetcher: 抓取第 7 页的数据
2026-08-03 13:03:52 [INFO] app.fetcher.playwright_fetcher: 抓取第 8 页的数据
2026-08-03 13:03:55 [INFO] app.fetcher.playwright_fetcher: 抓取第 9 页的数据
2026-08-03 13:03:59 [INFO] app.fetcher.playwright_fetcher: 抓取第 10 页的数据
2026-08-03 13:04:02 [INFO] app.fetcher.playwright_fetcher: 抓取第 11 页的数据
2026-08-03 13:04:06 [INFO] app.fetcher.playwright_fetcher: 抓取第 12 页的数据
2026-08-03 13:04:09 [INFO] app.fetcher.playwright_fetcher: 抓取第 13 页的数据
2026-08-03 13:04:13 [INFO] app.fetcher.playwright_fetcher: 抓取第 14 页的数据
2026-08-03 13:04:16 [INFO] app.fetcher.playwright_fetcher: 抓取第 15 页的数据
2026-08-03 13:04:19 [INFO] app.fetcher.playwright_fetcher: 抓取第 16 页的数据
2026-08-03 13:04:23 [INFO] app.fetcher.playwright_fetcher: 抓取第 17 页的数据
2026-08-03 13:04:26 [INFO] app.fetcher.playwright_fetcher: 抓取第 18 页的数据
2026-08-03 13:04:29 [INFO] app.fetcher.playwright_fetcher: 抓取第 19 页的数据
2026-08-03 13:04:31 [INFO] app.fetcher.playwright_fetcher: 抓取第 20 页的数据
2026-08-03 13:04:35 [INFO] app.fetcher.playwright_fetcher: 抓取第 21 页的数据
2026-08-03 13:04:38 [INFO] app.fetcher.playwright_fetcher: 抓取第 22 页的数据
2026-08-03 13:04:41 [INFO] app.fetcher.playwright_fetcher: 抓取第 23 页的数据
2026-08-03 13:04:44 [INFO] app.fetcher.playwright_fetcher: 抓取第 24 页的数据
2026-08-03 13:04:48 [INFO] app.fetcher.playwright_fetcher: 抓取第 25 页的数据
2026-08-03 13:04:49 [WARNING] app.services.sync_service: 跳过无发布时间的视频 bvid=BV1vd3p6WEsD
2026-08-03 13:05:06 [INFO] app.fetcher.playwright_fetcher: 开始抓取 652380147 的视频
2026-08-03 13:05:09 [INFO] app.fetcher.playwright_fetcher: 抓取第 1 页的数据
2026-08-03 13:05:12 [INFO] app.fetcher.playwright_fetcher: 抓取第 2 页的数据
2026-08-03 13:05:15 [INFO] app.fetcher.playwright_fetcher: 抓取第 3 页的数据
2026-08-03 13:05:18 [INFO] app.fetcher.playwright_fetcher: 抓取第 4 页的数据
2026-08-03 13:05:22 [INFO] app.fetcher.playwright_fetcher: 抓取第 5 页的数据
2026-08-03 13:05:25 [INFO] app.fetcher.playwright_fetcher: 抓取第 6 页的数据
2026-08-03 13:05:28 [INFO] app.fetcher.playwright_fetcher: 抓取第 7 页的数据
2026-08-03 13:05:35 [INFO] app.fetcher.playwright_fetcher: 开始抓取 6658776 的视频
2026-08-03 13:06:03 [INFO] app.fetcher.playwright_fetcher: 抓取第 1 页的数据
2026-08-03 13:06:07 [INFO] app.fetcher.playwright_fetcher: 抓取第 2 页的数据
2026-08-03 13:06:10 [INFO] app.fetcher.playwright_fetcher: 抓取第 3 页的数据
2026-08-03 13:06:14 [INFO] app.fetcher.playwright_fetcher: 抓取第 4 页的数据
2026-08-03 13:06:17 [INFO] app.fetcher.playwright_fetcher: 抓取第 5 页的数据
2026-08-03 13:06:21 [INFO] app.fetcher.playwright_fetcher: 抓取第 6 页的数据
2026-08-03 13:06:24 [INFO] app.fetcher.playwright_fetcher: 抓取第 7 页的数据
2026-08-03 13:06:28 [INFO] app.fetcher.playwright_fetcher: 抓取第 8 页的数据
2026-08-03 13:06:31 [INFO] app.fetcher.playwright_fetcher: 抓取第 9 页的数据
2026-08-03 13:06:33 [INFO] app.fetcher.playwright_fetcher: 抓取第 10 页的数据
2026-08-03 13:06:38 [INFO] app.fetcher.playwright_fetcher: 抓取第 11 页的数据
2026-08-03 13:06:41 [INFO] app.fetcher.playwright_fetcher: 抓取第 12 页的数据
2026-08-03 13:06:45 [INFO] app.fetcher.playwright_fetcher: 抓取第 13 页的数据
2026-08-03 13:06:49 [INFO] app.fetcher.playwright_fetcher: 抓取第 14 页的数据
2026-08-03 13:06:53 [INFO] app.fetcher.playwright_fetcher: 抓取第 15 页的数据
2026-08-03 14:07:04 [INFO] app.fetcher.playwright_fetcher: 开始抓取 437979218 的视频
2026-08-03 14:07:08 [INFO] app.fetcher.playwright_fetcher: 抓取第 1 页的数据
2026-08-03 14:07:11 [INFO] app.fetcher.playwright_fetcher: 抓取第 2 页的数据
2026-08-03 14:07:13 [INFO] app.fetcher.playwright_fetcher: 抓取第 3 页的数据
2026-08-03 14:07:16 [INFO] app.fetcher.playwright_fetcher: 抓取第 4 页的数据
2026-08-03 14:07:19 [INFO] app.fetcher.playwright_fetcher: 抓取第 5 页的数据
2026-08-03 14:07:22 [INFO] app.fetcher.playwright_fetcher: 抓取第 6 页的数据
2026-08-03 14:07:25 [INFO] app.fetcher.playwright_fetcher: 抓取第 7 页的数据
2026-08-03 14:07:29 [INFO] app.fetcher.playwright_fetcher: 抓取第 8 页的数据
2026-08-03 14:07:32 [INFO] app.fetcher.playwright_fetcher: 抓取第 9 页的数据
2026-08-03 14:07:36 [INFO] app.fetcher.playwright_fetcher: 抓取第 10 页的数据
2026-08-03 14:07:39 [INFO] app.fetcher.playwright_fetcher: 抓取第 11 页的数据
2026-08-03 14:07:42 [INFO] app.fetcher.playwright_fetcher: 抓取第 12 页的数据
2026-08-03 14:07:45 [INFO] app.fetcher.playwright_fetcher: 抓取第 13 页的数据
2026-08-03 14:07:48 [INFO] app.fetcher.playwright_fetcher: 抓取第 14 页的数据
2026-08-03 14:07:51 [INFO] app.fetcher.playwright_fetcher: 抓取第 15 页的数据
2026-08-03 14:07:55 [INFO] app.fetcher.playwright_fetcher: 抓取第 16 页的数据
2026-08-03 14:07:58 [INFO] app.fetcher.playwright_fetcher: 抓取第 17 页的数据
2026-08-03 14:08:02 [INFO] app.fetcher.playwright_fetcher: 抓取第 18 页的数据
2026-08-03 14:08:06 [INFO] app.fetcher.playwright_fetcher: 抓取第 19 页的数据
2026-08-03 14:08:08 [INFO] app.fetcher.playwright_fetcher: 抓取第 20 页的数据
2026-08-03 14:08:11 [INFO] app.fetcher.playwright_fetcher: 抓取第 21 页的数据
2026-08-03 14:08:13 [INFO] app.fetcher.playwright_fetcher: 抓取第 22 页的数据
2026-08-03 14:08:16 [INFO] app.fetcher.playwright_fetcher: 抓取第 23 页的数据
2026-08-03 14:08:20 [INFO] app.fetcher.playwright_fetcher: 抓取第 24 页的数据
2026-08-03 14:08:23 [INFO] app.fetcher.playwright_fetcher: 抓取第 25 页的数据
2026-08-03 14:08:23 [WARNING] app.services.sync_service: 跳过无发布时间的视频 bvid=BV1vd3p6WEua
2026-08-03 14:08:23 [WARNING] app.services.sync_service: 跳过无发布时间的视频 bvid=BV1vd3p6WEsD
2026-08-03 14:08:24 [WARNING] app.services.sync_service: 跳过无发布时间的视频 bvid=BV1vd3p6WEua
2026-08-03 14:08:24 [WARNING] app.services.sync_service: 跳过无发布时间的视频 bvid=BV1vd3p6WEsD
2026-08-03 14:08:24 [WARNING] app.services.sync_service: 跳过无发布时间的视频 bvid=BV1vd3p6WEua
2026-08-03 14:08:24 [WARNING] app.services.sync_service: 跳过无发布时间的视频 bvid=BV1vd3p6WEsD
2026-08-03 14:08:39 [INFO] app.fetcher.playwright_fetcher: 开始抓取 652380147 的视频
2026-08-03 14:08:55 [INFO] app.fetcher.playwright_fetcher: 抓取第 1 页的数据
2026-08-03 14:08:59 [INFO] app.fetcher.playwright_fetcher: 抓取第 2 页的数据
2026-08-03 14:09:02 [INFO] app.fetcher.playwright_fetcher: 抓取第 3 页的数据
2026-08-03 14:09:06 [INFO] app.fetcher.playwright_fetcher: 抓取第 4 页的数据
2026-08-03 14:09:09 [INFO] app.fetcher.playwright_fetcher: 抓取第 5 页的数据
2026-08-03 14:09:13 [INFO] app.fetcher.playwright_fetcher: 抓取第 6 页的数据
2026-08-03 14:09:17 [INFO] app.fetcher.playwright_fetcher: 抓取第 7 页的数据
2026-08-03 14:09:23 [INFO] app.fetcher.playwright_fetcher: 开始抓取 6658776 的视频
2026-08-03 14:09:52 [INFO] app.fetcher.playwright_fetcher: 抓取第 1 页的数据
2026-08-03 14:09:56 [INFO] app.fetcher.playwright_fetcher: 抓取第 2 页的数据
2026-08-03 14:10:00 [INFO] app.fetcher.playwright_fetcher: 抓取第 3 页的数据
2026-08-03 14:10:04 [INFO] app.fetcher.playwright_fetcher: 抓取第 4 页的数据
2026-08-03 14:10:07 [INFO] app.fetcher.playwright_fetcher: 抓取第 5 页的数据
2026-08-03 14:10:10 [INFO] app.fetcher.playwright_fetcher: 抓取第 6 页的数据
2026-08-03 14:10:14 [INFO] app.fetcher.playwright_fetcher: 抓取第 7 页的数据
2026-08-03 14:10:18 [INFO] app.fetcher.playwright_fetcher: 抓取第 8 页的数据
2026-08-03 14:10:21 [INFO] app.fetcher.playwright_fetcher: 抓取第 9 页的数据
2026-08-03 14:10:25 [INFO] app.fetcher.playwright_fetcher: 抓取第 10 页的数据
2026-08-03 14:10:28 [INFO] app.fetcher.playwright_fetcher: 抓取第 11 页的数据
2026-08-03 14:10:31 [INFO] app.fetcher.playwright_fetcher: 抓取第 12 页的数据
2026-08-03 14:10:34 [INFO] app.fetcher.playwright_fetcher: 抓取第 13 页的数据
2026-08-03 14:10:38 [INFO] app.fetcher.playwright_fetcher: 抓取第 14 页的数据
2026-08-03 14:10:41 [INFO] app.fetcher.playwright_fetcher: 抓取第 15 页的数据
2026-08-03 15:10:52 [INFO] app.fetcher.playwright_fetcher: 开始抓取 437979218 的视频
2026-08-03 15:10:55 [INFO] app.fetcher.playwright_fetcher: 抓取第 1 页的数据
2026-08-03 15:10:59 [INFO] app.fetcher.playwright_fetcher: 抓取第 2 页的数据
2026-08-03 15:11:02 [INFO] app.fetcher.playwright_fetcher: 抓取第 3 页的数据
2026-08-03 15:11:06 [INFO] app.fetcher.playwright_fetcher: 抓取第 4 页的数据
2026-08-03 15:11:09 [INFO] app.fetcher.playwright_fetcher: 抓取第 5 页的数据
2026-08-03 15:11:14 [INFO] app.fetcher.playwright_fetcher: 抓取第 6 页的数据
2026-08-03 15:11:17 [INFO] app.fetcher.playwright_fetcher: 抓取第 7 页的数据
2026-08-03 15:11:21 [INFO] app.fetcher.playwright_fetcher: 抓取第 8 页的数据
2026-08-03 15:11:24 [INFO] app.fetcher.playwright_fetcher: 抓取第 9 页的数据
2026-08-03 15:11:28 [INFO] app.fetcher.playwright_fetcher: 抓取第 10 页的数据
2026-08-03 15:11:31 [INFO] app.fetcher.playwright_fetcher: 抓取第 11 页的数据
2026-08-03 15:11:34 [INFO] app.fetcher.playwright_fetcher: 抓取第 12 页的数据
2026-08-03 15:11:37 [INFO] app.fetcher.playwright_fetcher: 抓取第 13 页的数据
2026-08-03 15:11:40 [INFO] app.fetcher.playwright_fetcher: 抓取第 14 页的数据
2026-08-03 15:11:43 [INFO] app.fetcher.playwright_fetcher: 抓取第 15 页的数据
2026-08-03 15:11:45 [INFO] app.fetcher.playwright_fetcher: 抓取第 16 页的数据
2026-08-03 15:11:49 [INFO] app.fetcher.playwright_fetcher: 抓取第 17 页的数据
2026-08-03 15:11:52 [INFO] app.fetcher.playwright_fetcher: 抓取第 18 页的数据
2026-08-03 15:11:55 [INFO] app.fetcher.playwright_fetcher: 抓取第 19 页的数据
2026-08-03 15:11:59 [INFO] app.fetcher.playwright_fetcher: 抓取第 20 页的数据
2026-08-03 15:12:03 [INFO] app.fetcher.playwright_fetcher: 抓取第 21 页的数据
2026-08-03 15:12:05 [INFO] app.fetcher.playwright_fetcher: 抓取第 22 页的数据
2026-08-03 15:12:09 [INFO] app.fetcher.playwright_fetcher: 抓取第 23 页的数据
2026-08-03 15:12:13 [INFO] app.fetcher.playwright_fetcher: 抓取第 24 页的数据
2026-08-03 15:12:18 [INFO] app.fetcher.playwright_fetcher: 抓取第 25 页的数据
2026-08-03 15:12:18 [WARNING] app.services.sync_service: 跳过无发布时间的视频 bvid=BV1vd3p6WEua
2026-08-03 15:12:18 [WARNING] app.services.sync_service: 跳过无发布时间的视频 bvid=BV1vd3p6WEsD
2026-08-03 15:12:18 [WARNING] app.services.sync_service: 跳过无发布时间的视频 bvid=BV1vd3p6WEua
2026-08-03 15:12:18 [WARNING] app.services.sync_service: 跳过无发布时间的视频 bvid=BV1vd3p6WEsD
2026-08-03 15:12:34 [INFO] app.fetcher.playwright_fetcher: 开始抓取 652380147 的视频
2026-08-03 15:12:50 [INFO] app.fetcher.playwright_fetcher: 抓取第 1 页的数据
2026-08-03 15:12:53 [INFO] app.fetcher.playwright_fetcher: 抓取第 2 页的数据
2026-08-03 15:12:57 [INFO] app.fetcher.playwright_fetcher: 抓取第 3 页的数据
2026-08-03 15:13:01 [INFO] app.fetcher.playwright_fetcher: 抓取第 4 页的数据
2026-08-03 15:13:04 [INFO] app.fetcher.playwright_fetcher: 抓取第 5 页的数据
2026-08-03 15:13:07 [INFO] app.fetcher.playwright_fetcher: 抓取第 6 页的数据
2026-08-03 15:13:10 [INFO] app.fetcher.playwright_fetcher: 抓取第 7 页的数据
2026-08-03 15:13:23 [INFO] app.fetcher.playwright_fetcher: 开始抓取 6658776 的视频
2026-08-03 15:13:51 [INFO] app.fetcher.playwright_fetcher: 抓取第 1 页的数据
2026-08-03 15:13:56 [INFO] app.fetcher.playwright_fetcher: 抓取第 2 页的数据
2026-08-03 15:14:00 [INFO] app.fetcher.playwright_fetcher: 抓取第 3 页的数据
2026-08-03 15:14:04 [INFO] app.fetcher.playwright_fetcher: 抓取第 4 页的数据
2026-08-03 15:14:08 [INFO] app.fetcher.playwright_fetcher: 抓取第 5 页的数据
2026-08-03 15:14:12 [INFO] app.fetcher.playwright_fetcher: 抓取第 6 页的数据
2026-08-03 15:14:16 [INFO] app.fetcher.playwright_fetcher: 抓取第 7 页的数据
2026-08-03 15:14:20 [INFO] app.fetcher.playwright_fetcher: 抓取第 8 页的数据
2026-08-03 15:14:24 [INFO] app.fetcher.playwright_fetcher: 抓取第 9 页的数据
2026-08-03 15:14:27 [INFO] app.fetcher.playwright_fetcher: 抓取第 10 页的数据
2026-08-03 15:14:31 [INFO] app.fetcher.playwright_fetcher: 抓取第 11 页的数据
2026-08-03 15:14:34 [INFO] app.fetcher.playwright_fetcher: 抓取第 12 页的数据
2026-08-03 15:14:37 [INFO] app.fetcher.playwright_fetcher: 抓取第 13 页的数据
2026-08-03 15:14:39 [INFO] app.fetcher.playwright_fetcher: 抓取第 14 页的数据
2026-08-03 15:14:42 [INFO] app.fetcher.playwright_fetcher: 抓取第 15 页的数据
